id,entidad,situacion_juridica,estructura_interna_cargada,dependientes_directos,descendientes_cargados,fuente_estructura,nota_cobertura,nivel_cobertura,adscripciones_por_precisar
para-active-001,Consejo Nacional para Prevenir la Discriminación,Activa,No,0,0,,Entidad incluida en la relación anual oficial 2026.,Ficha; estructura interna pendiente,0
para-active-002,Talleres Gráficos de México,Activa,No,0,0,,Entidad incluida en la relación anual oficial 2026.,Ficha; estructura interna pendiente,0
para-active-003,Instituto de Seguridad Social para las Fuerzas Armadas Mexicanas,Activa,No,0,0,,Entidad incluida en la relación anual oficial 2026.,Ficha; estructura interna pendiente,0
para-active-004,Corredor Interoceánico del Istmo de Tehuantepec,Activa,No,0,0,,Entidad incluida en la relación anual oficial 2026.,Ficha; estructura interna pendiente,0
para-active-005,Casa de Moneda de México,Activa,No,0,0,,Entidad incluida en la relación anual oficial 2026.,Ficha; estructura interna pendiente,0
para-active-006,Comisión Nacional para la Protección y Defensa de los Usuarios de Servicios Financieros,Activa,"Sí, parcial",2,42,https://sidof.segob.gob.mx/notas/docFuente/5760069,"Presidencia, vicepresidencias, direcciones y unidades del estatuto 2025. Los conjuntos de oficinas sin enumeración individual no se multiplican.",Desglose documental parcial,0
para-active-007,Financiera para el Bienestar,Edición documentada; cambios posteriores por cotejar,"Sí, parcial",6,6,https://sidof.segob.gob.mx/notas/docFuente/5759188,"Órgano de gobierno y unidades de la edición citada. Direcciones de área, departamentos y oficinas no enumerados quedan pendientes.",Desglose documental parcial,0
para-active-008,Instituto para Devolver al Pueblo lo Robado,Edición documentada; cambios posteriores por cotejar,"Sí, parcial",8,64,https://sidof.segob.gob.mx/notas/docFuente/5739692,"Órgano de gobierno y unidades de la edición citada. Direcciones de área, departamentos y oficinas no enumerados quedan pendientes.",Desglose documental parcial,0
para-active-009,Instituto para el Desarrollo Técnico de las Haciendas Públicas,Activa,No,0,0,,Entidad incluida en la relación anual oficial 2026.,Ficha; estructura interna pendiente,0
para-active-010,Instituto para la Protección al Ahorro Bancario,Activa,No,0,0,,Entidad incluida en la relación anual oficial 2026.,Ficha; estructura interna pendiente,0
para-active-011,Lotería Nacional,Activa,No,0,0,,Entidad incluida en la relación anual oficial 2026.,Ficha; estructura interna pendiente,0
para-active-012,Consejo Nacional para el Desarrollo y la Inclusión de las Personas con Discapacidad,Activa,No,0,0,,Entidad incluida en la relación anual oficial 2026.,Ficha; estructura interna pendiente,0
para-active-013,Instituto Nacional de las Personas Adultas Mayores,Edición documentada; cambios posteriores por cotejar,"Sí, parcial",3,3,https://sidof.segob.gob.mx/notas/docFuente/5568227,"Órgano de gobierno y unidades de la edición citada. Direcciones de área, departamentos y oficinas no enumerados quedan pendientes.",Desglose documental parcial,0
para-active-014,Comisión Nacional Forestal,Edición documentada; cambios posteriores por cotejar,"Sí, parcial",13,46,https://sidof.segob.gob.mx/notas/docFuente/5754614,"Órgano de gobierno y unidades de la edición citada. Direcciones de área, departamentos y oficinas no enumerados quedan pendientes.",Desglose documental parcial,0
para-active-015,Instituto Nacional de Ecología y Cambio Climático,Activa,No,0,0,,Entidad incluida en la relación anual oficial 2026.,Ficha; estructura interna pendiente,0
para-active-016,Centro Nacional de Control de Energía,Edición documentada; cambios posteriores por cotejar,"Sí, parcial",8,70,https://sidof.segob.gob.mx/notas/docFuente/5520275,"Órgano de gobierno y unidades de la edición citada. Direcciones de área, departamentos y oficinas no enumerados quedan pendientes.",Desglose documental parcial,1
para-active-017,Centro Nacional de Control del Gas Natural,Edición documentada; cambios posteriores por cotejar,"Sí, parcial",8,26,https://sidof.segob.gob.mx/notas/docFuente/5689456,"Órgano de gobierno y unidades de la edición citada. Direcciones de área, departamentos y oficinas no enumerados quedan pendientes.",Desglose documental parcial,0
para-active-018,Instituto Nacional de Investigaciones Nucleares,Activa,No,0,0,,Entidad incluida en la relación anual oficial 2026.,Ficha; estructura interna pendiente,0
para-active-019,Litio para México,Activa,No,0,0,,Entidad incluida en la relación anual oficial 2026.,Ficha; estructura interna pendiente,0
para-active-020,Centro Nacional de Metrología,Activa,No,0,0,,Entidad incluida en la relación anual oficial 2026.,Ficha; estructura interna pendiente,0
para-active-021,Comisión Nacional Antimonopolio,Activa,No,0,0,,Entidad incluida en la relación anual oficial 2026.,Ficha; estructura interna pendiente,0
para-active-022,Instituto Mexicano de la Propiedad Industrial,Activa,No,0,0,,Entidad incluida en la relación anual oficial 2026.,Ficha; estructura interna pendiente,0
para-active-023,Procuraduría Federal del Consumidor,Edición documentada; cambios posteriores por cotejar,"Sí, parcial",7,82,https://sidof.segob.gob.mx/notas/docFuente/5585178,Direcciones de área del estatuto 2020. Falta conciliar las reformas posteriores y completar la red territorial.,Desglose documental parcial,0
para-active-024,Servicio Geológico Mexicano,Activa,No,0,0,,Entidad incluida en la relación anual oficial 2026.,Ficha; estructura interna pendiente,0
para-active-025,Comité Nacional para el Desarrollo Sustentable de la Caña de Azúcar,Activa,No,0,0,,Entidad incluida en la relación anual oficial 2026.,Ficha; estructura interna pendiente,0
para-active-026,Instituto Mexicano de Investigación en Pesca y Acuacultura Sustentables,Activa,No,0,0,,Entidad incluida en la relación anual oficial 2026.,Ficha; estructura interna pendiente,0
para-active-027,"Productora de Semillas para el Bienestar ""PROSEBIEN""",Activa,No,0,0,,Entidad incluida en la relación anual oficial 2026.,Ficha; estructura interna pendiente,0
para-active-028,Productora Nacional de Biológicos Veterinarios,Activa,No,0,0,,Entidad incluida en la relación anual oficial 2026.,Ficha; estructura interna pendiente,0
para-active-029,Aeropuertos y Servicios Auxiliares,Edición documentada; cambios posteriores por cotejar,"Sí, parcial",2,48,https://sidof.segob.gob.mx/notas/docFuente/5678365,"Órgano de gobierno y unidades de la edición citada. Direcciones de área, departamentos y oficinas no enumerados quedan pendientes.",Desglose documental parcial,0
para-active-030,Agencia de Trenes y Transporte Público Integrado,Activa,"Sí, parcial",12,12,https://dof.gob.mx/nota_detalle.php?codigo=5796062&fecha=12/08/2026,"Estatuto 2026, art. 8: diez unidades administrativas y Junta de Gobierno cargadas; subestructura pendiente.",Desglose documental parcial,0
para-active-031,Caminos y Puentes Federales de Ingresos y Servicios Conexos,Edición documentada; cambios posteriores por cotejar,"Sí, parcial",2,166,https://dof.gob.mx/2024/CAPUFE/manual_general_organizacion_CAPUFE.pdf,Estructura documentada hasta subgerencias. Dos códigos repetidos del manual requieren cotejo y no se han resuelto inventando una adscripción.,Desglose documental parcial,0
para-active-032,Organismo Promotor de Inversiones en Telecomunicaciones,Activa,No,0,0,,Entidad incluida en la relación anual oficial 2026.,Ficha; estructura interna pendiente,0
para-active-033,Centro de Enseñanza Técnica Industrial,Activa,No,0,0,,Entidad incluida en la relación anual oficial 2026.,Ficha; estructura interna pendiente,0
para-active-034,Centro de Investigación y de Estudios Avanzados del Instituto Politécnico Nacional,Activa,No,0,0,,Entidad incluida en la relación anual oficial 2026.,Ficha; estructura interna pendiente,0
para-active-035,Colegio de Bachilleres,Activa,No,0,0,,Entidad incluida en la relación anual oficial 2026.,Ficha; estructura interna pendiente,0
para-active-036,Colegio Nacional de Educación Profesional Técnica,Edición documentada; cambios posteriores por cotejar,"Sí, parcial",7,32,https://www.conalep.edu.mx/sites/default/files/2021-10/02-10102018-ESTATUTOORGANICONALEP-.pdf,"Órgano de gobierno y unidades de la edición citada. Direcciones de área, departamentos y oficinas no enumerados quedan pendientes.",Desglose documental parcial,14
para-active-037,Comisión de Operación y Fomento de Actividades Académicas del Instituto Politécnico Nacional,Activa,No,0,0,,Entidad incluida en la relación anual oficial 2026.,Ficha; estructura interna pendiente,0
para-active-038,Comisión Nacional de Cultura Física y Deporte,Activa,No,0,0,,Entidad incluida en la relación anual oficial 2026.,Ficha; estructura interna pendiente,0
para-active-039,Comisión Nacional de Libros de Texto Gratuitos,Activa,No,0,0,,Entidad incluida en la relación anual oficial 2026.,Ficha; estructura interna pendiente,0
para-active-040,Consejo Nacional de Fomento Educativo,Edición documentada; cambios posteriores por cotejar,"Sí, parcial",8,8,https://dof.gob.mx/2024/CONAFE/Estatuto-Organico-CONAFE_2024.pdf,"Órgano de gobierno y unidades de la edición citada. Direcciones de área, departamentos y oficinas no enumerados quedan pendientes.",Desglose documental parcial,0
para-active-041,Fondo de Cultura Económica,Activa,No,0,0,,Entidad incluida en la relación anual oficial 2026.,Ficha; estructura interna pendiente,0
para-active-042,Instituto Nacional para la Educación de los Adultos,Activa,"Sí, parcial",1,82,https://sidof.segob.gob.mx/notas/docFuente/5777844,"Direcciones, subdirecciones y departamentos del manual 2025. Los puestos tipo territoriales no se multiplican sin catálogo de oficinas.",Desglose documental parcial,0
para-active-043,Organismo Coordinador de las Universidades para el Bienestar Benito Juárez García,Activa,No,0,0,,Entidad incluida en la relación anual oficial 2026.,Ficha; estructura interna pendiente,0
para-active-044,Patronato de Obras e Instalaciones del Instituto Politécnico Nacional,Activa,No,0,0,,Entidad incluida en la relación anual oficial 2026.,Ficha; estructura interna pendiente,0
para-active-045,"Universidad de las Lenguas Indígenas de México ""ULIM""",Activa,No,0,0,,Entidad incluida en la relación anual oficial 2026.,Ficha; estructura interna pendiente,0
para-active-046,Instituto Nacional de Estudios Históricos de las Revoluciones de México,Activa,No,0,0,,Entidad incluida en la relación anual oficial 2026.,Ficha; estructura interna pendiente,0
para-active-047,Universidad Nacional Rosario Castellanos,Activa,No,0,0,,Entidad incluida en la relación anual oficial 2026.,Ficha; estructura interna pendiente,0
para-active-048,"Hospital General de México ""Dr. Eduardo Liceaga""",Activa,No,0,0,,Entidad incluida en la relación anual oficial 2026.,Ficha; estructura interna pendiente,0
para-active-049,"Hospital General ""Dr. Manuel Gea González""",Activa,No,0,0,,Entidad incluida en la relación anual oficial 2026.,Ficha; estructura interna pendiente,0
para-active-050,Hospital Juárez de México,Activa,No,0,0,,Entidad incluida en la relación anual oficial 2026.,Ficha; estructura interna pendiente,0
para-active-051,Sistema Nacional para el Desarrollo Integral de la Familia,Edición documentada; cambios posteriores por cotejar,"Sí, parcial",2,20,https://dof.gob.mx/2023/DIF/EstatutoSNDIF.pdf,"Organización del estatuto 2023 hasta direcciones generales. Manuales específicos, centros de atención y reformas posteriores pendientes.",Desglose documental parcial,0
para-active-052,Centro Federal de Conciliación y Registro Laboral,Activa,"Sí, parcial",2,2,https://sidof.segob.gob.mx/notas/docFuente/5583502,Gobierno institucional previsto en ley. Manual vigente y oficinas territoriales pendientes de incorporar.,Gobierno institucional,0
para-active-053,Comisión Nacional de los Salarios Mínimos,Activa,No,0,0,,Entidad incluida en la relación anual oficial 2026.,Ficha; estructura interna pendiente,0
para-active-054,Instituto del Fondo Nacional para el Consumo de los Trabajadores,Activa,No,0,0,,Entidad incluida en la relación anual oficial 2026.,Ficha; estructura interna pendiente,0
para-active-055,Instituto Mexicano de la Juventud,Activa,No,0,0,,Entidad incluida en la relación anual oficial 2026.,Ficha; estructura interna pendiente,0
para-active-056,Comisión Nacional de Vivienda,Edición documentada; cambios posteriores por cotejar,"Sí, parcial",7,7,https://sidof.segob.gob.mx/notas/docFuente/5776558,"Órgano de gobierno y unidades de la edición citada. Direcciones de área, departamentos y oficinas no enumerados quedan pendientes.",Desglose documental parcial,0
para-active-057,Instituto Nacional del Suelo Sustentable,Edición documentada; cambios posteriores por cotejar,"Sí, parcial",8,48,https://sidof.segob.gob.mx/notas/docFuente/5585350,Estructura central del estatuto 2020 hasta departamentos. Representaciones regionales y cotejo de reformas posteriores pendientes.,Desglose documental parcial,0
para-active-058,Procuraduría Agraria,Activa,No,0,0,,Entidad incluida en la relación anual oficial 2026.,Ficha; estructura interna pendiente,0
para-active-059,Instituto Mexicano de Cinematografía,Activa,No,0,0,,Entidad incluida en la relación anual oficial 2026.,Ficha; estructura interna pendiente,0
para-active-060,Instituto Nacional de Lenguas Indígenas,Activa,No,0,0,,Entidad incluida en la relación anual oficial 2026.,Ficha; estructura interna pendiente,0
para-active-061,Agencia Espacial Mexicana,Activa,No,0,0,,Entidad incluida en la relación anual oficial 2026.,Ficha; estructura interna pendiente,0
para-active-062,Servicio Postal Mexicano,Edición documentada; cambios posteriores por cotejar,"Sí, parcial",8,8,https://sidof.segob.gob.mx/notas/docFuente/5347061,"Órgano de gobierno y unidades de la edición citada. Direcciones de área, departamentos y oficinas no enumerados quedan pendientes.",Desglose documental parcial,0
para-active-063,Archivo General de la Nación,Activa,No,0,0,,Entidad incluida en la relación anual oficial 2026.,Ficha; estructura interna pendiente,0
para-active-064,Comisión Ejecutiva de Atención a Víctimas,Edición documentada; cambios posteriores por cotejar,"Sí, parcial",13,13,https://sidof.segob.gob.mx/notas/docFuente/5653570,"Órgano de gobierno y unidades de la edición citada. Direcciones de área, departamentos y oficinas no enumerados quedan pendientes.",Desglose documental parcial,0
para-active-065,Comisión Nacional para la Mejora Continua de la Educación,Activa,No,0,0,,Entidad incluida en la relación anual oficial 2026.,Ficha; estructura interna pendiente,0
para-active-066,Instituto del Fondo Nacional de la Vivienda para los Trabajadores,Activa,No,0,0,,Entidad incluida en la relación anual oficial 2026.,Ficha; estructura interna pendiente,0
para-active-067,Instituto de Seguridad y Servicios Sociales de los Trabajadores del Estado,Activa,"Sí, parcial",14,14,https://dof.gob.mx/nota_detalle.php?codigo=5796062&fecha=12/08/2026,"Estatuto 06-01-2023: órganos de gobierno, siete direcciones, SUPERISSSTE, FOVISSSTE y PENSIONISSSTE cargados. Estructura interior pendiente.",Desglose documental parcial,0
para-active-068,Instituto Mexicano de la Radio,Activa,No,0,0,,Entidad incluida en la relación anual oficial 2026.,Ficha; estructura interna pendiente,0
para-active-069,Instituto Mexicano del Seguro Social,Activa,"Sí, parcial",17,17,https://dof.gob.mx/nota_detalle.php?codigo=5796062&fecha=12/08/2026,"Estructura superior institucional y nueve direcciones normativas documentadas; 35 ÓOADS y 25 UMAE sólo como agrupaciones, sin fichas individuales.",Desglose documental parcial,0
para-active-070,Instituto Nacional de los Pueblos Indígenas,Activa,No,0,0,,Entidad incluida en la relación anual oficial 2026.,Ficha; estructura interna pendiente,0
para-active-071,Procuraduría de la Defensa del Contribuyente,Edición documentada; cambios posteriores por cotejar,"Sí, parcial",7,21,https://sidof.segob.gob.mx/notas/docFuente/5597269,"Órgano de gobierno y unidades de la edición citada. Direcciones de área, departamentos y oficinas no enumerados quedan pendientes.",Desglose documental parcial,0
para-active-072,Secretaría Ejecutiva del Sistema Nacional Anticorrupción,Edición documentada; cambios posteriores por cotejar,"Sí, parcial",12,67,https://sidof.segob.gob.mx/notas/docFuente/5773842,"Manual 2025 con direcciones, subdirecciones y departamentos nombrados. Adscripciones intermedias y vigencia de manuales específicos pendientes.",Desglose documental parcial,55
para-active-073,Servicios de Salud del Instituto Mexicano del Seguro Social para el Bienestar (IMSS-BIENESTAR),Activa,"Sí, parcial",11,52,https://dof.gob.mx/nota_detalle.php?codigo=5796062&fecha=12/08/2026,"Estatuto integrado 02-04-2025, art. 21, y modificación 25-09-2025: unidades, coordinaciones, divisiones y modelo estatal genérico cargados.",Desglose documental parcial,0
para-active-074,Sistema Público de Radiodifusión del Estado Mexicano,Activa,No,0,0,,Entidad incluida en la relación anual oficial 2026.,Ficha; estructura interna pendiente,0
para-active-075,"Hospital Infantil de México ""Federico Gómez""",Activa,"Sí, parcial",2,2,https://www.diputados.gob.mx/LeyesBiblio/pdf/LINS.pdf,"Gobierno institucional previsto en ley. Estructura médica, técnica, administrativa y territorial aún pendiente.",Gobierno institucional,0
para-active-076,Instituto Nacional de Cancerología,Activa,"Sí, parcial",2,2,https://www.diputados.gob.mx/LeyesBiblio/pdf/LINS.pdf,"Gobierno institucional previsto en ley. Estructura médica, técnica, administrativa y territorial aún pendiente.",Gobierno institucional,0
para-active-077,"Instituto Nacional de Cardiología ""Ignacio Chávez""",Activa,"Sí, parcial",2,2,https://www.diputados.gob.mx/LeyesBiblio/pdf/LINS.pdf,"Gobierno institucional previsto en ley. Estructura médica, técnica, administrativa y territorial aún pendiente.",Gobierno institucional,0
para-active-078,"Instituto Nacional de Ciencias Médicas y Nutrición ""Salvador Zubirán""",Activa,"Sí, parcial",2,2,https://www.diputados.gob.mx/LeyesBiblio/pdf/LINS.pdf,"Gobierno institucional previsto en ley. Estructura médica, técnica, administrativa y territorial aún pendiente.",Gobierno institucional,0
para-active-079,"Instituto Nacional de Enfermedades Respiratorias ""Ismael Cosío Villegas""",Activa,"Sí, parcial",2,2,https://www.diputados.gob.mx/LeyesBiblio/pdf/LINS.pdf,"Gobierno institucional previsto en ley. Estructura médica, técnica, administrativa y territorial aún pendiente.",Gobierno institucional,0
para-active-080,Instituto Nacional de Geriatría,Activa,"Sí, parcial",2,2,https://www.diputados.gob.mx/LeyesBiblio/pdf/LINS.pdf,"Gobierno institucional previsto en ley. Estructura médica, técnica, administrativa y territorial aún pendiente.",Gobierno institucional,0
para-active-081,Instituto Nacional de Medicina Genómica,Activa,"Sí, parcial",2,2,https://www.diputados.gob.mx/LeyesBiblio/pdf/LINS.pdf,"Gobierno institucional previsto en ley. Estructura médica, técnica, administrativa y territorial aún pendiente.",Gobierno institucional,0
para-active-082,"Instituto Nacional de Neurología y Neurocirugía ""Manuel Velasco Suárez""",Activa,"Sí, parcial",2,2,https://www.diputados.gob.mx/LeyesBiblio/pdf/LINS.pdf,"Gobierno institucional previsto en ley. Estructura médica, técnica, administrativa y territorial aún pendiente.",Gobierno institucional,0
para-active-083,Instituto Nacional de Pediatría,Activa,"Sí, parcial",2,2,https://www.diputados.gob.mx/LeyesBiblio/pdf/LINS.pdf,"Gobierno institucional previsto en ley. Estructura médica, técnica, administrativa y territorial aún pendiente.",Gobierno institucional,0
para-active-084,"Instituto Nacional de Perinatología ""Isidro Espinosa de los Reyes""",Activa,"Sí, parcial",2,2,https://www.diputados.gob.mx/LeyesBiblio/pdf/LINS.pdf,"Gobierno institucional previsto en ley. Estructura médica, técnica, administrativa y territorial aún pendiente.",Gobierno institucional,0
para-active-085,"Instituto Nacional de Psiquiatría ""Ramón de la Fuente Muñiz""",Activa,"Sí, parcial",2,2,https://www.diputados.gob.mx/LeyesBiblio/pdf/LINS.pdf,"Gobierno institucional previsto en ley. Estructura médica, técnica, administrativa y territorial aún pendiente.",Gobierno institucional,0
para-active-086,"Instituto Nacional de Rehabilitación ""Luis Guillermo Ibarra Ibarra""",Activa,"Sí, parcial",2,2,https://www.diputados.gob.mx/LeyesBiblio/pdf/LINS.pdf,"Gobierno institucional previsto en ley. Estructura médica, técnica, administrativa y territorial aún pendiente.",Gobierno institucional,0
para-active-087,Instituto Nacional de Salud Pública,Activa,"Sí, parcial",2,2,https://www.diputados.gob.mx/LeyesBiblio/pdf/LINS.pdf,"Gobierno institucional previsto en ley. Estructura médica, técnica, administrativa y territorial aún pendiente.",Gobierno institucional,0
para-active-088,Instituto Mexicano de Tecnología del Agua,Activa,No,0,0,,Entidad incluida en la relación anual oficial 2026.,Ficha; estructura interna pendiente,0
para-active-089,Instituto Mexicano del Petróleo,Activa,No,0,0,,Entidad incluida en la relación anual oficial 2026.,Ficha; estructura interna pendiente,0
para-active-090,Instituto Nacional de Electricidad y Energías Limpias,Activa,No,0,0,,Entidad incluida en la relación anual oficial 2026.,Ficha; estructura interna pendiente,0
para-active-091,Colegio de Postgraduados,Activa,No,0,0,,Entidad incluida en la relación anual oficial 2026.,Ficha; estructura interna pendiente,0
para-active-092,"Instituto Nacional de Investigaciones Forestales, Agrícolas y Pecuarias",Activa,No,0,0,,Entidad incluida en la relación anual oficial 2026.,Ficha; estructura interna pendiente,0
para-active-093,Centro de Ingeniería y Desarrollo Industrial,Activa,No,0,0,,Entidad incluida en la relación anual oficial 2026.,Ficha; estructura interna pendiente,0
para-active-094,"Centro de Investigación Científica y de Educación Superior de Ensenada, Baja California",Activa,No,0,0,,Entidad incluida en la relación anual oficial 2026.,Ficha; estructura interna pendiente,0
para-active-095,Centro de Investigación en Química Aplicada,Activa,No,0,0,,Entidad incluida en la relación anual oficial 2026.,Ficha; estructura interna pendiente,0
para-active-096,Centro de Investigaciones y Estudios Superiores en Antropología Social,Activa,No,0,0,,Entidad incluida en la relación anual oficial 2026.,Ficha; estructura interna pendiente,0
para-active-097,El Colegio de la Frontera Sur,Activa,No,0,0,,Entidad incluida en la relación anual oficial 2026.,Ficha; estructura interna pendiente,0
para-active-098,"Instituto de Investigaciones ""Dr. José María Luis Mora""",Activa,No,0,0,,Entidad incluida en la relación anual oficial 2026.,Ficha; estructura interna pendiente,0
para-active-099,"Instituto Nacional de Astrofísica, Óptica y Electrónica",Activa,No,0,0,,Entidad incluida en la relación anual oficial 2026.,Ficha; estructura interna pendiente,0
para-active-100,"Aeropuerto Internacional Felipe Ángeles, S.A. de C.V.",Activa,No,0,0,,Entidad incluida en la relación anual oficial 2026.,Ficha; estructura interna pendiente,0
para-active-101,"Grupo Aeroportuario, Ferroviario, de Servicios Auxiliares y Conexos, Olmeca-Maya-Mexica, S.A. de C.V.",Activa,No,0,0,,Entidad incluida en la relación anual oficial 2026.,Ficha; estructura interna pendiente,0
para-active-102,"Tren Maya, S.A. de C.V.",Activa,No,0,0,,Entidad incluida en la relación anual oficial 2026.,Ficha; estructura interna pendiente,0
para-active-103,"Administración del Sistema Portuario Nacional Acapulco, S.A. de C.V.",Activa,No,0,0,,Entidad incluida en la relación anual oficial 2026.,Ficha; estructura interna pendiente,0
para-active-104,"Administración del Sistema Portuario Nacional Altamira, S.A. de C.V.",Activa,No,0,0,,Entidad incluida en la relación anual oficial 2026.,Ficha; estructura interna pendiente,0
para-active-105,"Administración del Sistema Portuario Nacional Cabo San Lucas, S.A. de C.V.",Activa,No,0,0,,Entidad incluida en la relación anual oficial 2026.,Ficha; estructura interna pendiente,0
para-active-106,"Administración del Sistema Portuario Nacional Coatzacoalcos, S.A. de C.V.",Activa,No,0,0,,Entidad incluida en la relación anual oficial 2026.,Ficha; estructura interna pendiente,0
para-active-107,"Administración del Sistema Portuario Nacional Dos Bocas, S.A. de C.V.",Activa,No,0,0,,Entidad incluida en la relación anual oficial 2026.,Ficha; estructura interna pendiente,0
para-active-108,"Administración del Sistema Portuario Nacional Ensenada, S.A. de C.V.",Activa,No,0,0,,Entidad incluida en la relación anual oficial 2026.,Ficha; estructura interna pendiente,0
para-active-109,"Administración del Sistema Portuario Nacional Guaymas, S.A. de C.V.",Activa,No,0,0,,Entidad incluida en la relación anual oficial 2026.,Ficha; estructura interna pendiente,0
para-active-110,"Administración del Sistema Portuario Nacional Lázaro Cárdenas, S.A. de C.V.",Activa,No,0,0,,Entidad incluida en la relación anual oficial 2026.,Ficha; estructura interna pendiente,0
para-active-111,"Administración del Sistema Portuario Nacional Manzanillo, S.A. de C.V.",Activa,No,0,0,,Entidad incluida en la relación anual oficial 2026.,Ficha; estructura interna pendiente,0
para-active-112,"Administración del Sistema Portuario Nacional Mazatlán, S.A. de C.V.",Activa,No,0,0,,Entidad incluida en la relación anual oficial 2026.,Ficha; estructura interna pendiente,0
para-active-113,"Administración del Sistema Portuario Nacional Progreso, S.A. de C.V.",Activa,No,0,0,,Entidad incluida en la relación anual oficial 2026.,Ficha; estructura interna pendiente,0
para-active-114,"Administración del Sistema Portuario Nacional Puerto Chiapas, S.A. de C.V.",Activa,No,0,0,,Entidad incluida en la relación anual oficial 2026.,Ficha; estructura interna pendiente,0
para-active-115,"Administración del Sistema Portuario Nacional Puerto Vallarta, S.A. de C.V.",Activa,No,0,0,,Entidad incluida en la relación anual oficial 2026.,Ficha; estructura interna pendiente,0
para-active-116,"Administración del Sistema Portuario Nacional Salina Cruz, S.A. de C.V.",Activa,No,0,0,,Entidad incluida en la relación anual oficial 2026.,Ficha; estructura interna pendiente,0
para-active-117,"Administración del Sistema Portuario Nacional Tampico, S.A. de C.V.",Activa,No,0,0,,Entidad incluida en la relación anual oficial 2026.,Ficha; estructura interna pendiente,0
para-active-118,"Administración del Sistema Portuario Nacional Topolobampo, S.A. de C.V.",Activa,No,0,0,,Entidad incluida en la relación anual oficial 2026.,Ficha; estructura interna pendiente,0
para-active-119,"Administración del Sistema Portuario Nacional Tuxpan, S.A. de C.V.",Activa,No,0,0,,Entidad incluida en la relación anual oficial 2026.,Ficha; estructura interna pendiente,0
para-active-120,"Administración del Sistema Portuario Nacional Veracruz, S.A. de C.V.",Activa,No,0,0,,Entidad incluida en la relación anual oficial 2026.,Ficha; estructura interna pendiente,0
para-active-121,"Aeropuerto Internacional de la Ciudad de México, S.A. de C.V.",Activa,No,0,0,,Entidad incluida en la relación anual oficial 2026.,Ficha; estructura interna pendiente,0
para-active-122,"Ferrocarril del Istmo de Tehuantepec, S.A. de C.V.",Activa,No,0,0,,Entidad incluida en la relación anual oficial 2026.,Ficha; estructura interna pendiente,0
para-active-123,"Turística Integral Islas Marías, S.A. de C.V.",Activa,No,0,0,,Entidad incluida en la relación anual oficial 2026.,Ficha; estructura interna pendiente,0
para-active-124,"Exportadora de Sal, S.A. de C.V.",Activa,No,0,0,,Entidad incluida en la relación anual oficial 2026.,Ficha; estructura interna pendiente,0
para-active-125,"Alimentación para el Bienestar, S.A. de C.V.",Activa,No,0,0,,Entidad incluida en la relación anual oficial 2026.,Ficha; estructura interna pendiente,0
para-active-126,"Leche para el Bienestar, S.A. de C.V.",Activa,No,0,0,,Entidad incluida en la relación anual oficial 2026.,Ficha; estructura interna pendiente,0
para-active-127,"Grupo Aeroportuario Turístico Mexicano, S.A. de C.V.",Activa,No,0,0,,Entidad incluida en la relación anual oficial 2026.,Ficha; estructura interna pendiente,0
para-active-128,"Educal, S.A. de C.V.",Activa,No,0,0,,Entidad incluida en la relación anual oficial 2026.,Ficha; estructura interna pendiente,0
para-active-129,"Impresora y Encuadernadora Progreso, S.A. de C.V.",Activa,No,0,0,,Entidad incluida en la relación anual oficial 2026.,Ficha; estructura interna pendiente,0
para-active-130,"Centros de Integración Juvenil, A.C.",Activa,No,0,0,,Entidad incluida en la relación anual oficial 2026.,Ficha; estructura interna pendiente,0
para-active-131,"Laboratorios de Biológicos y Reactivos de México, S.A. de C.V.",Activa,No,0,0,,Entidad incluida en la relación anual oficial 2026.,Ficha; estructura interna pendiente,0
para-active-132,"Centro de Capacitación Cinematográfica, A.C.",Activa,No,0,0,,Entidad incluida en la relación anual oficial 2026.,Ficha; estructura interna pendiente,0
para-active-133,"Compañía Operadora del Centro Cultural y Turístico de Tijuana, S.A. de C.V.",Activa,No,0,0,,Entidad incluida en la relación anual oficial 2026.,Ficha; estructura interna pendiente,0
para-active-134,"Estudios Churubusco Azteca, S.A.",Activa,No,0,0,,Entidad incluida en la relación anual oficial 2026.,Ficha; estructura interna pendiente,0
para-active-135,"Televisión Metropolitana, S.A. de C.V.",Activa,No,0,0,,Entidad incluida en la relación anual oficial 2026.,Ficha; estructura interna pendiente,0
para-active-136,"FONATUR Constructora, S.A. de C.V.",Activa,No,0,0,,Entidad incluida en la relación anual oficial 2026.,Ficha; estructura interna pendiente,0
para-active-137,"FONATUR Infraestructura, S.A. de C.V.",Activa,No,0,0,,Entidad incluida en la relación anual oficial 2026.,Ficha; estructura interna pendiente,0
para-active-138,"Banco del Bienestar, S.N.C.",Activa,No,0,0,,Entidad incluida en la relación anual oficial 2026.,Ficha; estructura interna pendiente,0
para-active-139,"Banco Nacional de Comercio Exterior, S.N.C.",Activa,No,0,0,,Entidad incluida en la relación anual oficial 2026.,Ficha; estructura interna pendiente,0
para-active-140,"Banco Nacional de Obras y Servicios Públicos, S.N.C.",Activa,No,0,0,,Entidad incluida en la relación anual oficial 2026.,Ficha; estructura interna pendiente,0
para-active-141,"Banco Nacional del Ejército, Fuerza Aérea y Armada, S.N.C.",Activa,No,0,0,,Entidad incluida en la relación anual oficial 2026.,Ficha; estructura interna pendiente,0
para-active-142,"Nacional Financiera, S.N.C.",Activa,No,0,0,,Entidad incluida en la relación anual oficial 2026.,Ficha; estructura interna pendiente,0
para-active-143,"Sociedad Hipotecaria Federal, S.N.C.",Activa,No,0,0,,Entidad incluida en la relación anual oficial 2026.,Ficha; estructura interna pendiente,0
para-active-144,"AGROASEMEX, S.A.",Activa,No,0,0,,Entidad incluida en la relación anual oficial 2026.,Ficha; estructura interna pendiente,0
para-active-145,"Seguros de Crédito a la Vivienda SHF, S.A. de C.V.",Activa,No,0,0,,Entidad incluida en la relación anual oficial 2026.,Ficha; estructura interna pendiente,0
para-active-146,"Centro de Investigación Científica de Yucatán, A.C.",Activa,No,0,0,,Entidad incluida en la relación anual oficial 2026.,Ficha; estructura interna pendiente,0
para-active-147,"Centro de Investigación en Alimentación y Desarrollo, A.C.",Activa,No,0,0,,Entidad incluida en la relación anual oficial 2026.,Ficha; estructura interna pendiente,0
para-active-148,"Centro de Investigación en Ciencias de Información Geoespacial, A.C.",Activa,No,0,0,,Entidad incluida en la relación anual oficial 2026.,Ficha; estructura interna pendiente,0
para-active-149,"Centro de Investigación en Matemáticas, A.C.",Activa,No,0,0,,Entidad incluida en la relación anual oficial 2026.,Ficha; estructura interna pendiente,0
para-active-150,"Centro de Investigación en Materiales Avanzados, S.C.",Activa,No,0,0,,Entidad incluida en la relación anual oficial 2026.,Ficha; estructura interna pendiente,0
para-active-151,"Centro de Investigación y Asistencia en Tecnología y Diseño del Estado de Jalisco, A.C.",Activa,No,0,0,,Entidad incluida en la relación anual oficial 2026.,Ficha; estructura interna pendiente,0
para-active-152,"Centro de Investigación y Desarrollo Tecnológico en Electroquímica, S.C.",Activa,No,0,0,,Entidad incluida en la relación anual oficial 2026.,Ficha; estructura interna pendiente,0
para-active-153,"Centro de Investigación y Docencia Económicas, A.C.",Activa,No,0,0,,Entidad incluida en la relación anual oficial 2026.,Ficha; estructura interna pendiente,0
para-active-154,"Centro de Investigaciones Biológicas del Noroeste, S.C.",Activa,No,0,0,,Entidad incluida en la relación anual oficial 2026.,Ficha; estructura interna pendiente,0
para-active-155,"Centro de Investigaciones en Óptica, A.C.",Activa,No,0,0,,Entidad incluida en la relación anual oficial 2026.,Ficha; estructura interna pendiente,0
para-active-156,"CIATEC, A.C. ""Centro de Innovación Aplicada en Tecnologías Competitivas""",Activa,No,0,0,,Entidad incluida en la relación anual oficial 2026.,Ficha; estructura interna pendiente,0
para-active-157,"CIATEQ, A.C. ""Centro de Tecnología Avanzada""",Activa,No,0,0,,Entidad incluida en la relación anual oficial 2026.,Ficha; estructura interna pendiente,0
para-active-158,"El Colegio de la Frontera Norte, A.C.",Activa,No,0,0,,Entidad incluida en la relación anual oficial 2026.,Ficha; estructura interna pendiente,0
para-active-159,"El Colegio de Michoacán, A.C.",Activa,No,0,0,,Entidad incluida en la relación anual oficial 2026.,Ficha; estructura interna pendiente,0
para-active-160,"El Colegio de San Luis, A.C.",Activa,No,0,0,,Entidad incluida en la relación anual oficial 2026.,Ficha; estructura interna pendiente,0
para-active-161,"InnovaBienestar de México, S.A.P.I. de C.V.",Activa,No,0,0,,Entidad incluida en la relación anual oficial 2026.,Ficha; estructura interna pendiente,0
para-active-162,"Instituto de Ecología, A.C.",Activa,No,0,0,,Entidad incluida en la relación anual oficial 2026.,Ficha; estructura interna pendiente,0
para-active-163,"Instituto Potosino de Investigación Científica y Tecnológica, A.C.",Activa,No,0,0,,Entidad incluida en la relación anual oficial 2026.,Ficha; estructura interna pendiente,0
para-active-164,Fideicomiso Universidad Marítima y Portuaria de México,Activa,No,0,0,,Entidad incluida en la relación anual oficial 2026.,Ficha; estructura interna pendiente,0
para-active-165,Fondo de Capitalización e Inversión del Sector Rural,Activa,No,0,0,,Entidad incluida en la relación anual oficial 2026.,Ficha; estructura interna pendiente,0
para-active-166,Fideicomiso de Riesgo Compartido,Activa,No,0,0,,Entidad incluida en la relación anual oficial 2026.,Ficha; estructura interna pendiente,0
para-active-167,Fideicomiso de los Sistemas Normalizado de Competencia Laboral y de Certificación de Competencia Laboral,Activa,No,0,0,,Entidad incluida en la relación anual oficial 2026.,Ficha; estructura interna pendiente,0
para-active-168,Fideicomiso Fondo Nacional de Fomento Ejidal,Activa,No,0,0,,Entidad incluida en la relación anual oficial 2026.,Ficha; estructura interna pendiente,0
para-active-169,Fideicomiso para la Cineteca Nacional,Activa,No,0,0,,Entidad incluida en la relación anual oficial 2026.,Ficha; estructura interna pendiente,0
para-active-170,Fondo Nacional para el Fomento de las Artesanías,Activa,No,0,0,,Entidad incluida en la relación anual oficial 2026.,Ficha; estructura interna pendiente,0
para-active-171,Fondo Nacional de Fomento al Turismo,Activa,No,0,0,,Entidad incluida en la relación anual oficial 2026.,Ficha; estructura interna pendiente,0
para-active-172,Fondo para el Desarrollo de Recursos Humanos,Activa,No,0,0,,Entidad incluida en la relación anual oficial 2026.,Ficha; estructura interna pendiente,0
para-active-173,INFOTEC Centro de Investigación e Innovación en Tecnologías de la Información y Comunicación,Activa,No,0,0,,Entidad incluida en la relación anual oficial 2026.,Ficha; estructura interna pendiente,0
para-active-174,"Fondo de Garantía y Fomento para la Agricultura, Ganadería y Avicultura",Activa,No,0,0,,Entidad incluida en la relación anual oficial 2026.,Ficha; estructura interna pendiente,0
para-active-175,Fondo de Garantía y Fomento para las Actividades Pesqueras,Activa,No,0,0,,Entidad incluida en la relación anual oficial 2026.,Ficha; estructura interna pendiente,0
para-active-176,Fondo de Operación y Financiamiento Bancario a la Vivienda,Activa,No,0,0,,Entidad incluida en la relación anual oficial 2026.,Ficha; estructura interna pendiente,0
para-active-177,Fondo Especial de Asistencia Técnica y Garantía para Créditos Agropecuarios,Activa,No,0,0,,Entidad incluida en la relación anual oficial 2026.,Ficha; estructura interna pendiente,0
para-active-178,Fondo Especial para Financiamientos Agropecuarios,Activa,No,0,0,,Entidad incluida en la relación anual oficial 2026.,Ficha; estructura interna pendiente,0
para-active-179,Fideicomiso de Fomento Minero,Activa,No,0,0,,Entidad incluida en la relación anual oficial 2026.,Ficha; estructura interna pendiente,0
para-active-180,Comisión Federal de Electricidad,Activa,"Sí, parcial",15,68,https://dof.gob.mx/nota_detalle.php?codigo=5796062&fecha=12/08/2026,"Estatuto 02-06-2025: estructura básica y áreas adscritas hasta coordinación, más cinco filiales. Unidades inferiores pendientes.",Desglose documental parcial,0
para-active-181,Petróleos Mexicanos,Activa,"Sí, parcial",13,328,https://dof.gob.mx/nota_detalle.php?codigo=5796062&fecha=12/08/2026,"Estatuto 25-09-2026, art. 27: estructura orgánica básica cargada hasta gerencias y activos; unidades inferiores no enumeradas pendientes.",Desglose documental parcial,0
