id,nombre,nombre_corto,bloque,tipo,id_padre,padre,nivel,fundamento,fuente_codigo,fuente_nombre,fuente_url,fuente_fecha,verificado,cobertura,titular,titular_fuente_url,titular_fecha_verificacion,fecha_verificacion,notas
exec-root,Poder Ejecutivo de la Unión,Poder Ejecutivo,Poder Ejecutivo,Poder,,Estado mexicano,1,CPEUM arts. 49,CPEUM,Constitución Política de los Estados Unidos Mexicanos,https://www.diputados.gob.mx/LeyesBiblio/pdf/CPEUM.pdf,2026-03-03,Sí,Registro base verificado,,,,2026-09-25,
apf-central,Administración Pública Federal Centralizada,APF Centralizada,Poder Ejecutivo,Rama administrativa,exec-root,Poder Ejecutivo de la Unión,2,LOAPF arts. 1 y 2,LOAPF,Ley Orgánica de la Administración Pública Federal,https://www.diputados.gob.mx/LeyesBiblio/pdf/LOAPF.pdf,,Sí,Registro base verificado,,,,2026-09-25,
presidencia,Oficina de la Presidencia de la República,Presidencia,Poder Ejecutivo,Órgano superior,apf-central,Administración Pública Federal Centralizada,3,LOAPF arts. 1 y 8,LOAPF,Ley Orgánica de la Administración Pública Federal,https://www.diputados.gob.mx/LeyesBiblio/pdf/LOAPF.pdf,,Sí,Registro base verificado,,,,2026-09-25,
cjer,Consejería Jurídica del Ejecutivo Federal,CJEF,Poder Ejecutivo,Dependencia centralizada,apf-central,Administración Pública Federal Centralizada,3,"LOAPF arts. 1, 2 y 4",LOAPF,Ley Orgánica de la Administración Pública Federal,https://www.diputados.gob.mx/LeyesBiblio/pdf/LOAPF.pdf,,Sí,Registro base verificado,,,,2026-09-25,
sec-0,Secretaría de Gobernación,SEGOB,Poder Ejecutivo,Secretaría de Estado,apf-central,Administración Pública Federal Centralizada,3,LOAPF art. 26,LOAPF,Ley Orgánica de la Administración Pública Federal,https://www.diputados.gob.mx/LeyesBiblio/pdf/LOAPF.pdf,,Sí,Raíz/base legal; desagregación pendiente,,,,2026-09-25,
sec-1,Secretaría de Relaciones Exteriores,SRE,Poder Ejecutivo,Secretaría de Estado,apf-central,Administración Pública Federal Centralizada,3,LOAPF art. 26,LOAPF,Ley Orgánica de la Administración Pública Federal,https://www.diputados.gob.mx/LeyesBiblio/pdf/LOAPF.pdf,,Sí,Raíz/base legal; desagregación pendiente,,,,2026-09-25,
sec-2,Secretaría de la Defensa Nacional,Defensa,Poder Ejecutivo,Secretaría de Estado,apf-central,Administración Pública Federal Centralizada,3,LOAPF art. 26,LOAPF,Ley Orgánica de la Administración Pública Federal,https://www.diputados.gob.mx/LeyesBiblio/pdf/LOAPF.pdf,,Sí,Raíz/base legal; desagregación pendiente,,,,2026-09-25,
sec-3,Secretaría de Marina,Marina,Poder Ejecutivo,Secretaría de Estado,apf-central,Administración Pública Federal Centralizada,3,LOAPF art. 26,LOAPF,Ley Orgánica de la Administración Pública Federal,https://www.diputados.gob.mx/LeyesBiblio/pdf/LOAPF.pdf,,Sí,Raíz/base legal; desagregación pendiente,,,,2026-09-25,
sec-4,Secretaría de Seguridad y Protección Ciudadana,SSPC,Poder Ejecutivo,Secretaría de Estado,apf-central,Administración Pública Federal Centralizada,3,LOAPF art. 26,LOAPF,Ley Orgánica de la Administración Pública Federal,https://www.diputados.gob.mx/LeyesBiblio/pdf/LOAPF.pdf,,Sí,Raíz/base legal; desagregación pendiente,,,,2026-09-25,
sec-5,Secretaría de Hacienda y Crédito Público,SHCP,Poder Ejecutivo,Secretaría de Estado,apf-central,Administración Pública Federal Centralizada,3,LOAPF art. 26,LOAPF,Ley Orgánica de la Administración Pública Federal,https://www.diputados.gob.mx/LeyesBiblio/pdf/LOAPF.pdf,,Sí,Raíz/base legal; desagregación pendiente,,,,2026-09-25,
sec-6,Secretaría de Bienestar,Bienestar,Poder Ejecutivo,Secretaría de Estado,apf-central,Administración Pública Federal Centralizada,3,LOAPF art. 26,LOAPF,Ley Orgánica de la Administración Pública Federal,https://www.diputados.gob.mx/LeyesBiblio/pdf/LOAPF.pdf,,Sí,Raíz/base legal; desagregación pendiente,,,,2026-09-25,
sec-7,Secretaría de Medio Ambiente y Recursos Naturales,SEMARNAT,Poder Ejecutivo,Secretaría de Estado,apf-central,Administración Pública Federal Centralizada,3,LOAPF art. 26,LOAPF,Ley Orgánica de la Administración Pública Federal,https://www.diputados.gob.mx/LeyesBiblio/pdf/LOAPF.pdf,,Sí,Raíz/base legal; desagregación pendiente,,,,2026-09-25,
sec-8,Secretaría de Energía,SENER,Poder Ejecutivo,Secretaría de Estado,apf-central,Administración Pública Federal Centralizada,3,LOAPF art. 26,LOAPF,Ley Orgánica de la Administración Pública Federal,https://www.diputados.gob.mx/LeyesBiblio/pdf/LOAPF.pdf,,Sí,Cobertura parcial avanzada: nivel superior y ramas de Planeación/Transición y Electricidad,Luz Elena González Escobar,https://www.gob.mx/sener/es/articulos/gobierno-de-mexico-avanza-en-soberania-energetica-con-el-fortalecimiento-de-pemex-y-cfe,2026-09-25,2026-09-25,
sec-9,Secretaría de Economía,Economía,Poder Ejecutivo,Secretaría de Estado,apf-central,Administración Pública Federal Centralizada,3,LOAPF art. 26,LOAPF,Ley Orgánica de la Administración Pública Federal,https://www.diputados.gob.mx/LeyesBiblio/pdf/LOAPF.pdf,,Sí,Raíz/base legal; desagregación pendiente,,,,2026-09-25,
sec-10,Secretaría de Agricultura y Desarrollo Rural,Agricultura,Poder Ejecutivo,Secretaría de Estado,apf-central,Administración Pública Federal Centralizada,3,LOAPF art. 26,LOAPF,Ley Orgánica de la Administración Pública Federal,https://www.diputados.gob.mx/LeyesBiblio/pdf/LOAPF.pdf,,Sí,Raíz/base legal; desagregación pendiente,,,,2026-09-25,
sec-11,"Secretaría de Infraestructura, Comunicaciones y Transportes",SICT,Poder Ejecutivo,Secretaría de Estado,apf-central,Administración Pública Federal Centralizada,3,LOAPF art. 26,LOAPF,Ley Orgánica de la Administración Pública Federal,https://www.diputados.gob.mx/LeyesBiblio/pdf/LOAPF.pdf,,Sí,Raíz/base legal; desagregación pendiente,,,,2026-09-25,
sec-12,Secretaría Anticorrupción y Buen Gobierno,Buen Gobierno,Poder Ejecutivo,Secretaría de Estado,apf-central,Administración Pública Federal Centralizada,3,LOAPF art. 26,LOAPF,Ley Orgánica de la Administración Pública Federal,https://www.diputados.gob.mx/LeyesBiblio/pdf/LOAPF.pdf,,Sí,Raíz/base legal; desagregación pendiente,,,,2026-09-25,
sec-13,Secretaría de Educación Pública,SEP,Poder Ejecutivo,Secretaría de Estado,apf-central,Administración Pública Federal Centralizada,3,LOAPF art. 26,LOAPF,Ley Orgánica de la Administración Pública Federal,https://www.diputados.gob.mx/LeyesBiblio/pdf/LOAPF.pdf,,Sí,Raíz/base legal; desagregación pendiente,,,,2026-09-25,
sec-14,"Secretaría de Ciencia, Humanidades, Tecnología e Innovación",SECIHTI,Poder Ejecutivo,Secretaría de Estado,apf-central,Administración Pública Federal Centralizada,3,LOAPF art. 26,LOAPF,Ley Orgánica de la Administración Pública Federal,https://www.diputados.gob.mx/LeyesBiblio/pdf/LOAPF.pdf,,Sí,Raíz/base legal; desagregación pendiente,,,,2026-09-25,
sec-15,Secretaría de Salud,Salud,Poder Ejecutivo,Secretaría de Estado,apf-central,Administración Pública Federal Centralizada,3,LOAPF art. 26,LOAPF,Ley Orgánica de la Administración Pública Federal,https://www.diputados.gob.mx/LeyesBiblio/pdf/LOAPF.pdf,,Sí,"Estructura superior (artículo 2, apartado A) cargada; apartados B y C pendientes",David Kershenobich,https://www.gob.mx/salud/prensa/256-mexico-y-brasil-estrechan-su-cooperacion-en-salud,2026-09-25,2026-09-25,
sec-16,Secretaría del Trabajo y Previsión Social,STPS,Poder Ejecutivo,Secretaría de Estado,apf-central,Administración Pública Federal Centralizada,3,LOAPF art. 26,LOAPF,Ley Orgánica de la Administración Pública Federal,https://www.diputados.gob.mx/LeyesBiblio/pdf/LOAPF.pdf,,Sí,Raíz/base legal; desagregación pendiente,,,,2026-09-25,
sec-17,"Secretaría de Desarrollo Agrario, Territorial y Urbano",SEDATU,Poder Ejecutivo,Secretaría de Estado,apf-central,Administración Pública Federal Centralizada,3,LOAPF art. 26,LOAPF,Ley Orgánica de la Administración Pública Federal,https://www.diputados.gob.mx/LeyesBiblio/pdf/LOAPF.pdf,,Sí,Raíz/base legal; desagregación pendiente,,,,2026-09-25,
sec-18,Secretaría de Cultura,Cultura,Poder Ejecutivo,Secretaría de Estado,apf-central,Administración Pública Federal Centralizada,3,LOAPF art. 26,LOAPF,Ley Orgánica de la Administración Pública Federal,https://www.diputados.gob.mx/LeyesBiblio/pdf/LOAPF.pdf,,Sí,Raíz/base legal; desagregación pendiente,,,,2026-09-25,
sec-19,Secretaría de Turismo,Turismo,Poder Ejecutivo,Secretaría de Estado,apf-central,Administración Pública Federal Centralizada,3,LOAPF art. 26,LOAPF,Ley Orgánica de la Administración Pública Federal,https://www.diputados.gob.mx/LeyesBiblio/pdf/LOAPF.pdf,,Sí,Raíz/base legal; desagregación pendiente,,,,2026-09-25,
sec-20,Secretaría de las Mujeres,Mujeres,Poder Ejecutivo,Secretaría de Estado,apf-central,Administración Pública Federal Centralizada,3,LOAPF art. 26,LOAPF,Ley Orgánica de la Administración Pública Federal,https://www.diputados.gob.mx/LeyesBiblio/pdf/LOAPF.pdf,,Sí,Estructura jerárquica básica cargada con Reglamento Interior 2025 y Manual de Organización General 2026,Laura Itzel Castillo Juárez,https://www.gob.mx/mujeres/prensa/la-presidenta-claudia-sheinbaum-nombra-a-laura-itzel-castillo-como-nueva-titular-de-la-secretaria-de-las-mujeres-428572,2026-09-25,2026-09-25,
sec-21,Agencia de Transformación Digital y Telecomunicaciones,ATDT,Poder Ejecutivo,Agencia / dependencia del Ejecutivo Federal,apf-central,Administración Pública Federal Centralizada,3,LOAPF art. 26,LOAPF,Ley Orgánica de la Administración Pública Federal,https://www.diputados.gob.mx/LeyesBiblio/pdf/LOAPF.pdf,,Sí,Estructura administrativa base + actualización normativa posterior de órgano regulador; requiere seguimiento evolutivo,José Antonio Peña Merino,https://www.gob.mx/atdt/sobre-la-agencia,2026-09-25,2026-09-25,
apf-para,Administración Pública Federal Paraestatal,APF Paraestatal,Poder Ejecutivo,Rama administrativa,exec-root,Poder Ejecutivo de la Unión,2,LOAPF arts. 1 y 3,LOAPF,Ley Orgánica de la Administración Pública Federal,https://www.diputados.gob.mx/LeyesBiblio/pdf/LOAPF.pdf,,Sí,Registro base verificado,,,,2026-09-25,
leg-root,Congreso General de los Estados Unidos Mexicanos,Congreso de la Unión,Poder Legislativo,Poder,,Estado mexicano,1,CPEUM arts. 49 y 50,CPEUM,Constitución Política de los Estados Unidos Mexicanos,https://www.diputados.gob.mx/LeyesBiblio/pdf/CPEUM.pdf,2026-03-03,Sí,Registro base verificado,,,,2026-09-25,
dip,Cámara de Diputados,Diputados,Poder Legislativo,Cámara legislativa,leg-root,Congreso General,2,CPEUM art. 50,CPEUM,Constitución Política de los Estados Unidos Mexicanos,https://www.diputados.gob.mx/LeyesBiblio/pdf/CPEUM.pdf,2026-03-03,Sí,Registro base verificado,,,,2026-09-25,
sen,Cámara de Senadores,Senado,Poder Legislativo,Cámara legislativa,leg-root,Congreso General,2,CPEUM art. 50,CPEUM,Constitución Política de los Estados Unidos Mexicanos,https://www.diputados.gob.mx/LeyesBiblio/pdf/CPEUM.pdf,2026-03-03,Sí,Registro base verificado,,,,2026-09-25,
jud-root,Poder Judicial de la Federación,PJF,Poder Judicial,Poder,,Estado mexicano,1,CPEUM arts. 49 y 94,CPEUM,Constitución Política de los Estados Unidos Mexicanos,https://www.diputados.gob.mx/LeyesBiblio/pdf/CPEUM.pdf,2026-03-03,Sí,Registro base verificado,,,,2026-09-25,
jud-0,Suprema Corte de Justicia de la Nación,SCJN,Poder Judicial,Órgano jurisdiccional,jud-root,Poder Judicial de la Federación,2,CPEUM art. 94,CPEUM,Constitución Política de los Estados Unidos Mexicanos,https://www.diputados.gob.mx/LeyesBiblio/pdf/CPEUM.pdf,2026-03-03,Sí,Registro base verificado,,,,2026-09-25,
jud-1,Tribunal Electoral,TEPJF,Poder Judicial,Órgano jurisdiccional,jud-root,Poder Judicial de la Federación,2,CPEUM art. 94,CPEUM,Constitución Política de los Estados Unidos Mexicanos,https://www.diputados.gob.mx/LeyesBiblio/pdf/CPEUM.pdf,2026-03-03,Sí,Registro base verificado,,,,2026-09-25,
jud-2,Plenos Regionales,Plenos Regionales,Poder Judicial,Órgano jurisdiccional,jud-root,Poder Judicial de la Federación,2,CPEUM art. 94,CPEUM,Constitución Política de los Estados Unidos Mexicanos,https://www.diputados.gob.mx/LeyesBiblio/pdf/CPEUM.pdf,2026-03-03,Sí,Registro base verificado,,,,2026-09-25,
jud-3,Tribunales Colegiados de Circuito,Tribunales Colegiados de Ci…,Poder Judicial,Órgano jurisdiccional,jud-root,Poder Judicial de la Federación,2,CPEUM art. 94,CPEUM,Constitución Política de los Estados Unidos Mexicanos,https://www.diputados.gob.mx/LeyesBiblio/pdf/CPEUM.pdf,2026-03-03,Sí,Registro base verificado,,,,2026-09-25,
jud-4,Tribunales Colegiados de Apelación,Tribunales Colegiados de Ap…,Poder Judicial,Órgano jurisdiccional,jud-root,Poder Judicial de la Federación,2,CPEUM art. 94,CPEUM,Constitución Política de los Estados Unidos Mexicanos,https://www.diputados.gob.mx/LeyesBiblio/pdf/CPEUM.pdf,2026-03-03,Sí,Registro base verificado,,,,2026-09-25,
jud-5,Juzgados de Distrito,Juzgados de Distrito,Poder Judicial,Órgano jurisdiccional,jud-root,Poder Judicial de la Federación,2,CPEUM art. 94,CPEUM,Constitución Política de los Estados Unidos Mexicanos,https://www.diputados.gob.mx/LeyesBiblio/pdf/CPEUM.pdf,2026-03-03,Sí,Registro base verificado,,,,2026-09-25,
aut-ine,Instituto Nacional Electoral,INE,Autonomía constitucional,Órgano público autónomo,,Estado mexicano,2,CPEUM art. 41 Base V Apartado A,CPEUM,Constitución Política de los Estados Unidos Mexicanos,https://www.diputados.gob.mx/LeyesBiblio/pdf/CPEUM.pdf,2026-03-03,Sí,Registro base verificado,,,,2026-09-25,
aut-banxico,Banco de México,Banxico,Autonomía constitucional,Banco central autónomo,,Estado mexicano,2,CPEUM art. 28,CPEUM,Constitución Política de los Estados Unidos Mexicanos,https://www.diputados.gob.mx/LeyesBiblio/pdf/CPEUM.pdf,2026-03-03,Sí,Registro base verificado,,,,2026-09-25,
aut-cndh,Comisión Nacional de los Derechos Humanos,CNDH,Autonomía constitucional,Organismo constitucional autónomo,,Estado mexicano,2,CPEUM art. 102 apartado B,CPEUM,Constitución Política de los Estados Unidos Mexicanos,https://www.diputados.gob.mx/LeyesBiblio/pdf/CPEUM.pdf,2026-03-03,Sí,Registro base verificado,,,,2026-09-25,
aut-fgr,Fiscalía General de la República,FGR,Autonomía constitucional,Órgano público autónomo,,Estado mexicano,2,CPEUM art. 102 apartado A,CPEUM,Constitución Política de los Estados Unidos Mexicanos,https://www.diputados.gob.mx/LeyesBiblio/pdf/CPEUM.pdf,2026-03-03,Sí,Registro base verificado,,,,2026-09-25,
aut-snieg,Instituto Nacional de Estadística y Geografía (INEGI),INEGI,Autonomía constitucional,Organismo con autonomía técnica y de gestión,,Estado mexicano,2,CPEUM art. 26 apartado B,CPEUM,Constitución Política de los Estados Unidos Mexicanos,https://www.diputados.gob.mx/LeyesBiblio/pdf/CPEUM.pdf,2026-03-03,Sí,Registro base verificado,,,,2026-09-25,
state-0,Aguascalientes,Aguascalientes,Entidades federativas,Entidad federativa,,Federación,1,CPEUM art. 43,CPEUM,Constitución Política de los Estados Unidos Mexicanos,https://www.diputados.gob.mx/LeyesBiblio/pdf/CPEUM.pdf,2026-03-03,Sí,Registro base verificado,,,,2026-09-25,
state-1,Baja California,Baja California,Entidades federativas,Entidad federativa,,Federación,1,CPEUM art. 43,CPEUM,Constitución Política de los Estados Unidos Mexicanos,https://www.diputados.gob.mx/LeyesBiblio/pdf/CPEUM.pdf,2026-03-03,Sí,Registro base verificado,,,,2026-09-25,
state-2,Baja California Sur,Baja California Sur,Entidades federativas,Entidad federativa,,Federación,1,CPEUM art. 43,CPEUM,Constitución Política de los Estados Unidos Mexicanos,https://www.diputados.gob.mx/LeyesBiblio/pdf/CPEUM.pdf,2026-03-03,Sí,Registro base verificado,,,,2026-09-25,
state-3,Campeche,Campeche,Entidades federativas,Entidad federativa,,Federación,1,CPEUM art. 43,CPEUM,Constitución Política de los Estados Unidos Mexicanos,https://www.diputados.gob.mx/LeyesBiblio/pdf/CPEUM.pdf,2026-03-03,Sí,Registro base verificado,,,,2026-09-25,
state-4,Coahuila de Zaragoza,Coahuila de Zaragoza,Entidades federativas,Entidad federativa,,Federación,1,CPEUM art. 43,CPEUM,Constitución Política de los Estados Unidos Mexicanos,https://www.diputados.gob.mx/LeyesBiblio/pdf/CPEUM.pdf,2026-03-03,Sí,Registro base verificado,,,,2026-09-25,
state-5,Colima,Colima,Entidades federativas,Entidad federativa,,Federación,1,CPEUM art. 43,CPEUM,Constitución Política de los Estados Unidos Mexicanos,https://www.diputados.gob.mx/LeyesBiblio/pdf/CPEUM.pdf,2026-03-03,Sí,Registro base verificado,,,,2026-09-25,
state-6,Chiapas,Chiapas,Entidades federativas,Entidad federativa,,Federación,1,CPEUM art. 43,CPEUM,Constitución Política de los Estados Unidos Mexicanos,https://www.diputados.gob.mx/LeyesBiblio/pdf/CPEUM.pdf,2026-03-03,Sí,Registro base verificado,,,,2026-09-25,
state-7,Chihuahua,Chihuahua,Entidades federativas,Entidad federativa,,Federación,1,CPEUM art. 43,CPEUM,Constitución Política de los Estados Unidos Mexicanos,https://www.diputados.gob.mx/LeyesBiblio/pdf/CPEUM.pdf,2026-03-03,Sí,Registro base verificado,,,,2026-09-25,
state-8,Durango,Durango,Entidades federativas,Entidad federativa,,Federación,1,CPEUM art. 43,CPEUM,Constitución Política de los Estados Unidos Mexicanos,https://www.diputados.gob.mx/LeyesBiblio/pdf/CPEUM.pdf,2026-03-03,Sí,Registro base verificado,,,,2026-09-25,
state-9,Guanajuato,Guanajuato,Entidades federativas,Entidad federativa,,Federación,1,CPEUM art. 43,CPEUM,Constitución Política de los Estados Unidos Mexicanos,https://www.diputados.gob.mx/LeyesBiblio/pdf/CPEUM.pdf,2026-03-03,Sí,Registro base verificado,,,,2026-09-25,
state-10,Guerrero,Guerrero,Entidades federativas,Entidad federativa,,Federación,1,CPEUM art. 43,CPEUM,Constitución Política de los Estados Unidos Mexicanos,https://www.diputados.gob.mx/LeyesBiblio/pdf/CPEUM.pdf,2026-03-03,Sí,Registro base verificado,,,,2026-09-25,
state-11,Hidalgo,Hidalgo,Entidades federativas,Entidad federativa,,Federación,1,CPEUM art. 43,CPEUM,Constitución Política de los Estados Unidos Mexicanos,https://www.diputados.gob.mx/LeyesBiblio/pdf/CPEUM.pdf,2026-03-03,Sí,Registro base verificado,,,,2026-09-25,
state-12,Jalisco,Jalisco,Entidades federativas,Entidad federativa,,Federación,1,CPEUM art. 43,CPEUM,Constitución Política de los Estados Unidos Mexicanos,https://www.diputados.gob.mx/LeyesBiblio/pdf/CPEUM.pdf,2026-03-03,Sí,Registro base verificado,,,,2026-09-25,
state-13,México,México,Entidades federativas,Entidad federativa,,Federación,1,CPEUM art. 43,CPEUM,Constitución Política de los Estados Unidos Mexicanos,https://www.diputados.gob.mx/LeyesBiblio/pdf/CPEUM.pdf,2026-03-03,Sí,Registro base verificado,,,,2026-09-25,
state-14,Michoacán de Ocampo,Michoacán de Ocampo,Entidades federativas,Entidad federativa,,Federación,1,CPEUM art. 43,CPEUM,Constitución Política de los Estados Unidos Mexicanos,https://www.diputados.gob.mx/LeyesBiblio/pdf/CPEUM.pdf,2026-03-03,Sí,Registro base verificado,,,,2026-09-25,
state-15,Morelos,Morelos,Entidades federativas,Entidad federativa,,Federación,1,CPEUM art. 43,CPEUM,Constitución Política de los Estados Unidos Mexicanos,https://www.diputados.gob.mx/LeyesBiblio/pdf/CPEUM.pdf,2026-03-03,Sí,Registro base verificado,,,,2026-09-25,
state-16,Nayarit,Nayarit,Entidades federativas,Entidad federativa,,Federación,1,CPEUM art. 43,CPEUM,Constitución Política de los Estados Unidos Mexicanos,https://www.diputados.gob.mx/LeyesBiblio/pdf/CPEUM.pdf,2026-03-03,Sí,Registro base verificado,,,,2026-09-25,
state-17,Nuevo León,Nuevo León,Entidades federativas,Entidad federativa,,Federación,1,CPEUM art. 43,CPEUM,Constitución Política de los Estados Unidos Mexicanos,https://www.diputados.gob.mx/LeyesBiblio/pdf/CPEUM.pdf,2026-03-03,Sí,Registro base verificado,,,,2026-09-25,
state-18,Oaxaca,Oaxaca,Entidades federativas,Entidad federativa,,Federación,1,CPEUM art. 43,CPEUM,Constitución Política de los Estados Unidos Mexicanos,https://www.diputados.gob.mx/LeyesBiblio/pdf/CPEUM.pdf,2026-03-03,Sí,Registro base verificado,,,,2026-09-25,
state-19,Puebla,Puebla,Entidades federativas,Entidad federativa,,Federación,1,CPEUM art. 43,CPEUM,Constitución Política de los Estados Unidos Mexicanos,https://www.diputados.gob.mx/LeyesBiblio/pdf/CPEUM.pdf,2026-03-03,Sí,Registro base verificado,,,,2026-09-25,
state-20,Querétaro,Querétaro,Entidades federativas,Entidad federativa,,Federación,1,CPEUM art. 43,CPEUM,Constitución Política de los Estados Unidos Mexicanos,https://www.diputados.gob.mx/LeyesBiblio/pdf/CPEUM.pdf,2026-03-03,Sí,Registro base verificado,,,,2026-09-25,
state-21,Quintana Roo,Quintana Roo,Entidades federativas,Entidad federativa,,Federación,1,CPEUM art. 43,CPEUM,Constitución Política de los Estados Unidos Mexicanos,https://www.diputados.gob.mx/LeyesBiblio/pdf/CPEUM.pdf,2026-03-03,Sí,Registro base verificado,,,,2026-09-25,
state-22,San Luis Potosí,San Luis Potosí,Entidades federativas,Entidad federativa,,Federación,1,CPEUM art. 43,CPEUM,Constitución Política de los Estados Unidos Mexicanos,https://www.diputados.gob.mx/LeyesBiblio/pdf/CPEUM.pdf,2026-03-03,Sí,Registro base verificado,,,,2026-09-25,
state-23,Sinaloa,Sinaloa,Entidades federativas,Entidad federativa,,Federación,1,CPEUM art. 43,CPEUM,Constitución Política de los Estados Unidos Mexicanos,https://www.diputados.gob.mx/LeyesBiblio/pdf/CPEUM.pdf,2026-03-03,Sí,Registro base verificado,,,,2026-09-25,
state-24,Sonora,Sonora,Entidades federativas,Entidad federativa,,Federación,1,CPEUM art. 43,CPEUM,Constitución Política de los Estados Unidos Mexicanos,https://www.diputados.gob.mx/LeyesBiblio/pdf/CPEUM.pdf,2026-03-03,Sí,Registro base verificado,,,,2026-09-25,
state-25,Tabasco,Tabasco,Entidades federativas,Entidad federativa,,Federación,1,CPEUM art. 43,CPEUM,Constitución Política de los Estados Unidos Mexicanos,https://www.diputados.gob.mx/LeyesBiblio/pdf/CPEUM.pdf,2026-03-03,Sí,Registro base verificado,,,,2026-09-25,
state-26,Tamaulipas,Tamaulipas,Entidades federativas,Entidad federativa,,Federación,1,CPEUM art. 43,CPEUM,Constitución Política de los Estados Unidos Mexicanos,https://www.diputados.gob.mx/LeyesBiblio/pdf/CPEUM.pdf,2026-03-03,Sí,Registro base verificado,,,,2026-09-25,
state-27,Tlaxcala,Tlaxcala,Entidades federativas,Entidad federativa,,Federación,1,CPEUM art. 43,CPEUM,Constitución Política de los Estados Unidos Mexicanos,https://www.diputados.gob.mx/LeyesBiblio/pdf/CPEUM.pdf,2026-03-03,Sí,Registro base verificado,,,,2026-09-25,
state-28,Veracruz de Ignacio de la Llave,Veracruz de Ignacio de la L…,Entidades federativas,Entidad federativa,,Federación,1,CPEUM art. 43,CPEUM,Constitución Política de los Estados Unidos Mexicanos,https://www.diputados.gob.mx/LeyesBiblio/pdf/CPEUM.pdf,2026-03-03,Sí,Registro base verificado,,,,2026-09-25,
state-29,Yucatán,Yucatán,Entidades federativas,Entidad federativa,,Federación,1,CPEUM art. 43,CPEUM,Constitución Política de los Estados Unidos Mexicanos,https://www.diputados.gob.mx/LeyesBiblio/pdf/CPEUM.pdf,2026-03-03,Sí,Registro base verificado,,,,2026-09-25,
state-30,Zacatecas,Zacatecas,Entidades federativas,Entidad federativa,,Federación,1,CPEUM art. 43,CPEUM,Constitución Política de los Estados Unidos Mexicanos,https://www.diputados.gob.mx/LeyesBiblio/pdf/CPEUM.pdf,2026-03-03,Sí,Registro base verificado,,,,2026-09-25,
state-31,Ciudad de México,Ciudad de México,Entidades federativas,Entidad federativa,,Federación,1,CPEUM art. 43,CPEUM,Constitución Política de los Estados Unidos Mexicanos,https://www.diputados.gob.mx/LeyesBiblio/pdf/CPEUM.pdf,2026-03-03,Sí,Registro base verificado,,,,2026-09-25,
jud-tdj,Tribunal de Disciplina Judicial,TDJ,Poder Judicial,Órgano disciplinario del PJF,jud-root,Poder Judicial de la Federación,2,CPEUM arts. 94 y 100,CPEUM,Constitución Política de los Estados Unidos Mexicanos,https://www.diputados.gob.mx/LeyesBiblio/pdf/CPEUM.pdf,2026-03-03,Sí,Órgano de disciplina del Poder Judicial de la Federación,,,,2026-09-25,
jud-oaj,Órgano de Administración Judicial,OAJ,Poder Judicial,Órgano de administración del PJF,jud-root,Poder Judicial de la Federación,2,CPEUM arts. 94 y 100,CPEUM,Constitución Política de los Estados Unidos Mexicanos,https://www.diputados.gob.mx/LeyesBiblio/pdf/CPEUM.pdf,2026-03-03,Sí,Órgano responsable de administración y carrera judicial,,,,2026-09-25,
muj-uaj,Unidad de Asuntos Jurídicos,UAJ,Poder Ejecutivo,Unidad,sec-20,Secretaría de las Mujeres,4,RI art. 2; MOG 2026,MOG_MUJERES_2026,Manual de Organización General de la Secretaría de las Mujeres,https://www.dof.gob.mx/nota_detalle.php?codigo=5785056&fecha=16/04/2026,2026-04-16,Sí,Estructura jerárquica básica verificada con Reglamento Interior 2025 y Manual de Organización General 2026,,,,2026-09-25,
muj-dgcs,Dirección General de Comunicación Social,DG Comunicación Social,Poder Ejecutivo,Dirección General,sec-20,Secretaría de las Mujeres,4,RI art. 2; MOG 2026,MOG_MUJERES_2026,Manual de Organización General de la Secretaría de las Mujeres,https://www.dof.gob.mx/nota_detalle.php?codigo=5785056&fecha=16/04/2026,2026-04-16,Sí,Estructura jerárquica básica verificada con Reglamento Interior 2025 y Manual de Organización General 2026,,,,2026-09-25,
muj-cgvs,Coordinación General de Vinculación y Seguimiento,CG Vinculación,Poder Ejecutivo,Coordinación General,sec-20,Secretaría de las Mujeres,4,RI art. 2; MOG 2026,MOG_MUJERES_2026,Manual de Organización General de la Secretaría de las Mujeres,https://www.dof.gob.mx/nota_detalle.php?codigo=5785056&fecha=16/04/2026,2026-04-16,Sí,Estructura jerárquica básica verificada con Reglamento Interior 2025 y Manual de Organización General 2026,,,,2026-09-25,
muj-dgct,Dirección General de Cooperación Técnica,DG Cooperación Técnica,Poder Ejecutivo,Dirección General,muj-cgvs,Coordinación General de Vinculación y Seguimiento,5,MOG 2026,MOG_MUJERES_2026,Manual de Organización General de la Secretaría de las Mujeres,https://www.dof.gob.mx/nota_detalle.php?codigo=5785056&fecha=16/04/2026,2026-04-16,Sí,Estructura jerárquica básica verificada con Reglamento Interior 2025 y Manual de Organización General 2026,,,,2026-09-25,
muj-dgipeef,Dirección General de Implementación de Proyectos Estratégicos en las Entidades Federativas,DG Proyectos Entidades,Poder Ejecutivo,Dirección General,muj-cgvs,Coordinación General de Vinculación y Seguimiento,5,MOG 2026,MOG_MUJERES_2026,Manual de Organización General de la Secretaría de las Mujeres,https://www.dof.gob.mx/nota_detalle.php?codigo=5785056&fecha=16/04/2026,2026-04-16,Sí,Estructura jerárquica básica verificada con Reglamento Interior 2025 y Manual de Organización General 2026,,,,2026-09-25,
muj-dgrivps,"Dirección General de Relaciones Interinstitucionales, Vinculación Política y Social",DG Relaciones Interinstitucionales,Poder Ejecutivo,Dirección General,muj-cgvs,Coordinación General de Vinculación y Seguimiento,5,MOG 2026,MOG_MUJERES_2026,Manual de Organización General de la Secretaría de las Mujeres,https://www.dof.gob.mx/nota_detalle.php?codigo=5785056&fecha=16/04/2026,2026-04-16,Sí,Estructura jerárquica básica verificada con Reglamento Interior 2025 y Manual de Organización General 2026,,,,2026-09-25,
muj-dgiipe,"Dirección General de Inteligencia, Innovación y Planeación Estratégica para la Mejora Continua de los Programas",DG Inteligencia y Planeación,Poder Ejecutivo,Dirección General,sec-20,Secretaría de las Mujeres,4,RI art. 2; MOG 2026,MOG_MUJERES_2026,Manual de Organización General de la Secretaría de las Mujeres,https://www.dof.gob.mx/nota_detalle.php?codigo=5785056&fecha=16/04/2026,2026-04-16,Sí,Estructura jerárquica básica verificada con Reglamento Interior 2025 y Manual de Organización General 2026,,,,2026-09-25,
muj-sis,Subsecretaría de Igualdad Sustantiva,Subsec. Igualdad,Poder Ejecutivo,Subsecretaría,sec-20,Secretaría de las Mujeres,4,RI art. 2; MOG 2026,MOG_MUJERES_2026,Manual de Organización General de la Secretaría de las Mujeres,https://www.dof.gob.mx/nota_detalle.php?codigo=5785056&fecha=16/04/2026,2026-04-16,Sí,Estructura jerárquica básica verificada con Reglamento Interior 2025 y Manual de Organización General 2026,,,,2026-09-25,
muj-dgipni,Dirección General de los Instrumentos de la Política Nacional de Igualdad,DG Instrumentos Igualdad,Poder Ejecutivo,Dirección General,muj-sis,Subsecretaría de Igualdad Sustantiva,5,MOG 2026,MOG_MUJERES_2026,Manual de Organización General de la Secretaría de las Mujeres,https://www.dof.gob.mx/nota_detalle.php?codigo=5785056&fecha=16/04/2026,2026-04-16,Sí,Estructura jerárquica básica verificada con Reglamento Interior 2025 y Manual de Organización General 2026,,,,2026-09-25,
muj-dgddm,Dirección General de los Derechos y la Dignificación de las Mujeres,DG Derechos y Dignificación,Poder Ejecutivo,Dirección General,muj-sis,Subsecretaría de Igualdad Sustantiva,5,MOG 2026,MOG_MUJERES_2026,Manual de Organización General de la Secretaría de las Mujeres,https://www.dof.gob.mx/nota_detalle.php?codigo=5785056&fecha=16/04/2026,2026-04-16,Sí,Estructura jerárquica básica verificada con Reglamento Interior 2025 y Manual de Organización General 2026,,,,2026-09-25,
muj-svlv,Subsecretaría del Derecho a una Vida Libre de Violencias,Subsec. Vida Libre Violencias,Poder Ejecutivo,Subsecretaría,sec-20,Secretaría de las Mujeres,4,RI art. 2; MOG 2026,MOG_MUJERES_2026,Manual de Organización General de la Secretaría de las Mujeres,https://www.dof.gob.mx/nota_detalle.php?codigo=5785056&fecha=16/04/2026,2026-04-16,Sí,Estructura jerárquica básica verificada con Reglamento Interior 2025 y Manual de Organización General 2026,,,,2026-09-25,
muj-dgpp,Dirección General de Políticas de Prevención,DG Prevención,Poder Ejecutivo,Dirección General,muj-svlv,Subsecretaría del Derecho a una Vida Libre de Violencias,5,MOG 2026,MOG_MUJERES_2026,Manual de Organización General de la Secretaría de las Mujeres,https://www.dof.gob.mx/nota_detalle.php?codigo=5785056&fecha=16/04/2026,2026-04-16,Sí,Estructura jerárquica básica verificada con Reglamento Interior 2025 y Manual de Organización General 2026,,,,2026-09-25,
muj-dgpavlv,Dirección General de Políticas de Acceso a una Vida Libre de Violencias,DG Acceso Vida Libre,Poder Ejecutivo,Dirección General,muj-svlv,Subsecretaría del Derecho a una Vida Libre de Violencias,5,MOG 2026,MOG_MUJERES_2026,Manual de Organización General de la Secretaría de las Mujeres,https://www.dof.gob.mx/nota_detalle.php?codigo=5785056&fecha=16/04/2026,2026-04-16,Sí,Estructura jerárquica básica verificada con Reglamento Interior 2025 y Manual de Organización General 2026,,,,2026-09-25,
muj-dgaaj,Dirección General de Atención y Acceso a la Justicia,DG Atención y Justicia,Poder Ejecutivo,Dirección General,muj-svlv,Subsecretaría del Derecho a una Vida Libre de Violencias,5,MOG 2026,MOG_MUJERES_2026,Manual de Organización General de la Secretaría de las Mujeres,https://www.dof.gob.mx/nota_detalle.php?codigo=5785056&fecha=16/04/2026,2026-04-16,Sí,Estructura jerárquica básica verificada con Reglamento Interior 2025 y Manual de Organización General 2026,,,,2026-09-25,
muj-uaf,Unidad de Administración y Finanzas,UAF,Poder Ejecutivo,Unidad,sec-20,Secretaría de las Mujeres,4,RI art. 2; MOG 2026,MOG_MUJERES_2026,Manual de Organización General de la Secretaría de las Mujeres,https://www.dof.gob.mx/nota_detalle.php?codigo=5785056&fecha=16/04/2026,2026-04-16,Sí,Estructura jerárquica básica verificada con Reglamento Interior 2025 y Manual de Organización General 2026,,,,2026-09-25,
sener-spte,Subsecretaría de Planeación y Transición Energética,Subsec. Planeación y Transición,Poder Ejecutivo,Subsecretaría,sec-8,Secretaría de Energía,4,RI 2025 art. 2; MOG 2026,MOG_SENER_2026,Manual de Organización General de la Secretaría de Energía,https://www.dof.gob.mx/abrirPDF.php?anio=2026&archivo=27042026-MAT.pdf&repo=,2026-04-27,Sí,Cobertura verificada; la rama de Hidrocarburos y órganos desconcentrados aún no están desagregados,,,,2026-09-25,
sener-snie,Unidad del Sistema Nacional de Información Energética,Unidad SNIE,Poder Ejecutivo,Unidad,sener-spte,Subsecretaría de Planeación y Transición Energética,5,RI 2025 art. 2,RI_SENER_2025,Reglamento Interior de la Secretaría de Energía,https://www.dof.gob.mx/nota_detalle.php?codigo=5755222&fecha=17/04/2025,2025-04-17,Sí,Cobertura verificada; la rama de Hidrocarburos y órganos desconcentrados aún no están desagregados,,,,2026-09-25,
sener-dgrig,Dirección General de Registros e Información Geoespacial del Sistema Nacional de Información Energética,DG Registros SNIE,Poder Ejecutivo,Dirección General,sener-snie,Unidad del Sistema Nacional de Información Energética,6,RI 2025 art. 2,RI_SENER_2025,Reglamento Interior de la Secretaría de Energía,https://www.dof.gob.mx/nota_detalle.php?codigo=5755222&fecha=17/04/2025,2025-04-17,Sí,Cobertura verificada; la rama de Hidrocarburos y órganos desconcentrados aún no están desagregados,,,,2026-09-25,
sener-dgmes,Dirección General de Metodologías y Estadísticas del Sistema Nacional de Información Energética,DG Metodologías SNIE,Poder Ejecutivo,Dirección General,sener-snie,Unidad del Sistema Nacional de Información Energética,6,RI 2025 art. 2,RI_SENER_2025,Reglamento Interior de la Secretaría de Energía,https://www.dof.gob.mx/nota_detalle.php?codigo=5755222&fecha=17/04/2025,2025-04-17,Sí,Cobertura verificada; la rama de Hidrocarburos y órganos desconcentrados aún no están desagregados,,,,2026-09-25,
sener-dgpie,Dirección General de Planeación e Integración Energética,DG Planeación Energética,Poder Ejecutivo,Dirección General,sener-spte,Subsecretaría de Planeación y Transición Energética,5,RI 2025 art. 2,RI_SENER_2025,Reglamento Interior de la Secretaría de Energía,https://www.dof.gob.mx/nota_detalle.php?codigo=5755222&fecha=17/04/2025,2025-04-17,Sí,Cobertura verificada; la rama de Hidrocarburos y órganos desconcentrados aún no están desagregados,,,,2026-09-25,
sener-dger,Dirección General de Energías Renovables,DG Energías Renovables,Poder Ejecutivo,Dirección General,sener-spte,Subsecretaría de Planeación y Transición Energética,5,RI 2025 art. 2,RI_SENER_2025,Reglamento Interior de la Secretaría de Energía,https://www.dof.gob.mx/nota_detalle.php?codigo=5755222&fecha=17/04/2025,2025-04-17,Sí,Cobertura verificada; la rama de Hidrocarburos y órganos desconcentrados aún no están desagregados,,,,2026-09-25,
sener-dgese,Dirección General de Eficiencia y Sustentabilidad Energética,DG Eficiencia,Poder Ejecutivo,Dirección General,sener-spte,Subsecretaría de Planeación y Transición Energética,5,RI 2025 art. 2,RI_SENER_2025,Reglamento Interior de la Secretaría de Energía,https://www.dof.gob.mx/nota_detalle.php?codigo=5755222&fecha=17/04/2025,2025-04-17,Sí,Cobertura verificada; la rama de Hidrocarburos y órganos desconcentrados aún no están desagregados,,,,2026-09-25,
sener-dgte,Dirección General de Transición Energética,DG Transición Energética,Poder Ejecutivo,Dirección General,sener-spte,Subsecretaría de Planeación y Transición Energética,5,RI 2025 art. 2,RI_SENER_2025,Reglamento Interior de la Secretaría de Energía,https://www.dof.gob.mx/nota_detalle.php?codigo=5755222&fecha=17/04/2025,2025-04-17,Sí,Cobertura verificada; la rama de Hidrocarburos y órganos desconcentrados aún no están desagregados,,,,2026-09-25,
sener-dgdtae,Dirección General de Desarrollo Tecnológico y Acceso a la Energía,DG Desarrollo y Acceso,Poder Ejecutivo,Dirección General,sener-spte,Subsecretaría de Planeación y Transición Energética,5,RI 2025 art. 2,RI_SENER_2025,Reglamento Interior de la Secretaría de Energía,https://www.dof.gob.mx/nota_detalle.php?codigo=5755222&fecha=17/04/2025,2025-04-17,Sí,Cobertura verificada; la rama de Hidrocarburos y órganos desconcentrados aún no están desagregados,,,,2026-09-25,
sener-se,Subsecretaría de Electricidad,Subsec. Electricidad,Poder Ejecutivo,Subsecretaría,sec-8,Secretaría de Energía,4,RI 2025 art. 2; MOG 2026,MOG_SENER_2026,Manual de Organización General de la Secretaría de Energía,https://www.dof.gob.mx/abrirPDF.php?anio=2026&archivo=27042026-MAT.pdf&repo=,2026-04-27,Sí,Cobertura verificada; la rama de Hidrocarburos y órganos desconcentrados aún no están desagregados,,,,2026-09-25,
sener-usen,Unidad del Sistema Eléctrico Nacional y Política Nuclear,Unidad SEN y Nuclear,Poder Ejecutivo,Unidad,sener-se,Subsecretaría de Electricidad,5,RI 2025 art. 2,RI_SENER_2025,Reglamento Interior de la Secretaría de Energía,https://www.dof.gob.mx/nota_detalle.php?codigo=5755222&fecha=17/04/2025,2025-04-17,Sí,Cobertura verificada; la rama de Hidrocarburos y órganos desconcentrados aún no están desagregados,,,,2026-09-25,
sener-dgefsen,Dirección General de Evaluación Financiera de la Unidad del Sistema Eléctrico Nacional y Política Nuclear,DG Evaluación Financiera SEN,Poder Ejecutivo,Dirección General,sener-usen,Unidad del Sistema Eléctrico Nacional y Política Nuclear,6,RI 2025 art. 2,RI_SENER_2025,Reglamento Interior de la Secretaría de Energía,https://www.dof.gob.mx/nota_detalle.php?codigo=5755222&fecha=17/04/2025,2025-04-17,Sí,Cobertura verificada; la rama de Hidrocarburos y órganos desconcentrados aún no están desagregados,,,,2026-09-25,
sener-dgcsse,Dirección General de Confiabilidad y Seguridad del Sector Eléctrico,DG Confiabilidad Eléctrica,Poder Ejecutivo,Dirección General,sener-se,Subsecretaría de Electricidad,5,RI 2025 art. 2,RI_SENER_2025,Reglamento Interior de la Secretaría de Energía,https://www.dof.gob.mx/nota_detalle.php?codigo=5755222&fecha=17/04/2025,2025-04-17,Sí,Cobertura verificada; la rama de Hidrocarburos y órganos desconcentrados aún no están desagregados,,,,2026-09-25,
sener-dgduf,"Dirección General de Distribución, Usos Finales de Energía Eléctrica y Vinculación Social",DG Distribución y Usos Finales,Poder Ejecutivo,Dirección General,sener-se,Subsecretaría de Electricidad,5,RI 2025 art. 2,RI_SENER_2025,Reglamento Interior de la Secretaría de Energía,https://www.dof.gob.mx/nota_detalle.php?codigo=5755222&fecha=17/04/2025,2025-04-17,Sí,Cobertura verificada; la rama de Hidrocarburos y órganos desconcentrados aún no están desagregados,,,,2026-09-25,
sener-dggt,Dirección General de Generación y Transmisión de Energía Eléctrica,DG Generación y Transmisión,Poder Ejecutivo,Dirección General,sener-se,Subsecretaría de Electricidad,5,RI 2025 art. 2,RI_SENER_2025,Reglamento Interior de la Secretaría de Energía,https://www.dof.gob.mx/nota_detalle.php?codigo=5755222&fecha=17/04/2025,2025-04-17,Sí,Cobertura verificada; la rama de Hidrocarburos y órganos desconcentrados aún no están desagregados,,,,2026-09-25,
sener-dgaemem,Dirección General de Análisis y Evaluación del Mercado Eléctrico Mayorista,DG Mercado Eléctrico,Poder Ejecutivo,Dirección General,sener-se,Subsecretaría de Electricidad,5,RI 2025 art. 2,RI_SENER_2025,Reglamento Interior de la Secretaría de Energía,https://www.dof.gob.mx/nota_detalle.php?codigo=5755222&fecha=17/04/2025,2025-04-17,Sí,Cobertura verificada; la rama de Hidrocarburos y órganos desconcentrados aún no están desagregados,,,,2026-09-25,
sener-uaf,Unidad de Administración y Finanzas,UAF,Poder Ejecutivo,Unidad,sec-8,Secretaría de Energía,4,MOG 2026,MOG_SENER_2026,Manual de Organización General de la Secretaría de Energía,https://www.dof.gob.mx/abrirPDF.php?anio=2026&archivo=27042026-MAT.pdf&repo=,2026-04-27,Sí,Cobertura verificada; la rama de Hidrocarburos y órganos desconcentrados aún no están desagregados,,,,2026-09-25,
sener-sh,Subsecretaría de Hidrocarburos,Subsec. Hidrocarburos,Poder Ejecutivo,Subsecretaría,sec-8,Secretaría de Energía,4,MOG 2026,MOG_SENER_2026,Manual de Organización General de la Secretaría de Energía,https://www.dof.gob.mx/abrirPDF.php?anio=2026&archivo=27042026-MAT.pdf&repo=,2026-04-27,Sí,Cobertura verificada; la rama de Hidrocarburos y órganos desconcentrados aún no están desagregados,,,,2026-09-25,
atdt-of,Oficina del titular de la Agencia,Oficina Titular,Poder Ejecutivo,Oficina,sec-21,Agencia de Transformación Digital y Telecomunicaciones,4,RI ATDT art. 3,RI_ATDT_2025,Reglamento Interior de la Agencia de Transformación Digital y Telecomunicaciones,https://www.dof.gob.mx/nota_detalle.php?codigo=5747756&fecha=24/01/2025,2025-01-24,Sí,Estructura verificada con actualización normativa posterior al RI de enero de 2025,,,,2026-09-25,La estructura administrativa base procede del RI ATDT de 24-01-2025; la CRT se añade por normativa sectorial posterior de 2025 y su Reglamento Interior de 25-11-2025.
atdt-upoi,Unidad de Proyectos y Operación Institucional,Unidad Proyectos y Operación,Poder Ejecutivo,Unidad,atdt-of,Oficina del titular de la Agencia,5,RI ATDT art. 3,RI_ATDT_2025,Reglamento Interior de la Agencia de Transformación Digital y Telecomunicaciones,https://www.dof.gob.mx/nota_detalle.php?codigo=5747756&fecha=24/01/2025,2025-01-24,Sí,Estructura verificada con actualización normativa posterior al RI de enero de 2025,,,,2026-09-25,La estructura administrativa base procede del RI ATDT de 24-01-2025; la CRT se añade por normativa sectorial posterior de 2025 y su Reglamento Interior de 25-11-2025.
atdt-dgp,Dirección General de Proyectos,DG Proyectos,Poder Ejecutivo,Dirección General,atdt-upoi,Unidad de Proyectos y Operación Institucional,6,RI ATDT art. 3,RI_ATDT_2025,Reglamento Interior de la Agencia de Transformación Digital y Telecomunicaciones,https://www.dof.gob.mx/nota_detalle.php?codigo=5747756&fecha=24/01/2025,2025-01-24,Sí,Estructura verificada con actualización normativa posterior al RI de enero de 2025,,,,2026-09-25,La estructura administrativa base procede del RI ATDT de 24-01-2025; la CRT se añade por normativa sectorial posterior de 2025 y su Reglamento Interior de 25-11-2025.
atdt-dgid,Dirección General de Inteligencia de Datos,DG Inteligencia de Datos,Poder Ejecutivo,Dirección General,atdt-of,Oficina del titular de la Agencia,5,RI ATDT art. 3,RI_ATDT_2025,Reglamento Interior de la Agencia de Transformación Digital y Telecomunicaciones,https://www.dof.gob.mx/nota_detalle.php?codigo=5747756&fecha=24/01/2025,2025-01-24,Sí,Estructura verificada con actualización normativa posterior al RI de enero de 2025,,,,2026-09-25,La estructura administrativa base procede del RI ATDT de 24-01-2025; la CRT se añade por normativa sectorial posterior de 2025 y su Reglamento Interior de 25-11-2025.
atdt-dgj,"Dirección General Jurídica, Cumplimiento Normativo y Gobernanza Tecnológica",DG Jurídica y Gobernanza,Poder Ejecutivo,Dirección General,atdt-of,Oficina del titular de la Agencia,5,RI ATDT art. 3,RI_ATDT_2025,Reglamento Interior de la Agencia de Transformación Digital y Telecomunicaciones,https://www.dof.gob.mx/nota_detalle.php?codigo=5747756&fecha=24/01/2025,2025-01-24,Sí,Estructura verificada con actualización normativa posterior al RI de enero de 2025,,,,2026-09-25,La estructura administrativa base procede del RI ATDT de 24-01-2025; la CRT se añade por normativa sectorial posterior de 2025 y su Reglamento Interior de 25-11-2025.
atdt-cntd,Coordinación Nacional de Transformación Digital,Coord. Transformación Digital,Poder Ejecutivo,Coordinación Nacional,sec-21,Agencia de Transformación Digital y Telecomunicaciones,4,RI ATDT art. 3,RI_ATDT_2025,Reglamento Interior de la Agencia de Transformación Digital y Telecomunicaciones,https://www.dof.gob.mx/nota_detalle.php?codigo=5747756&fecha=24/01/2025,2025-01-24,Sí,Estructura verificada con actualización normativa posterior al RI de enero de 2025,,,,2026-09-25,La estructura administrativa base procede del RI ATDT de 24-01-2025; la CRT se añade por normativa sectorial posterior de 2025 y su Reglamento Interior de 25-11-2025.
atdt-dggd,Dirección General de Gobierno Digital,DG Gobierno Digital,Poder Ejecutivo,Dirección General,atdt-cntd,Coordinación Nacional de Transformación Digital,5,RI ATDT art. 3,RI_ATDT_2025,Reglamento Interior de la Agencia de Transformación Digital y Telecomunicaciones,https://www.dof.gob.mx/nota_detalle.php?codigo=5747756&fecha=24/01/2025,2025-01-24,Sí,Estructura verificada con actualización normativa posterior al RI de enero de 2025,,,,2026-09-25,La estructura administrativa base procede del RI ATDT de 24-01-2025; la CRT se añade por normativa sectorial posterior de 2025 y su Reglamento Interior de 25-11-2025.
atdt-dgsa,Dirección General de Simplificación Administrativa,DG Simplificación,Poder Ejecutivo,Dirección General,atdt-cntd,Coordinación Nacional de Transformación Digital,5,RI ATDT art. 3,RI_ATDT_2025,Reglamento Interior de la Agencia de Transformación Digital y Telecomunicaciones,https://www.dof.gob.mx/nota_detalle.php?codigo=5747756&fecha=24/01/2025,2025-01-24,Sí,Estructura verificada con actualización normativa posterior al RI de enero de 2025,,,,2026-09-25,La estructura administrativa base procede del RI ATDT de 24-01-2025; la CRT se añade por normativa sectorial posterior de 2025 y su Reglamento Interior de 25-11-2025.
atdt-dgac,Dirección General de Atención Ciudadana,DG Atención Ciudadana,Poder Ejecutivo,Dirección General,atdt-cntd,Coordinación Nacional de Transformación Digital,5,RI ATDT art. 3,RI_ATDT_2025,Reglamento Interior de la Agencia de Transformación Digital y Telecomunicaciones,https://www.dof.gob.mx/nota_detalle.php?codigo=5747756&fecha=24/01/2025,2025-01-24,Sí,Estructura verificada con actualización normativa posterior al RI de enero de 2025,,,,2026-09-25,La estructura administrativa base procede del RI ATDT de 24-01-2025; la CRT se añade por normativa sectorial posterior de 2025 y su Reglamento Interior de 25-11-2025.
atdt-dgvi,Dirección General de Vinculación Interinstitucional,DG Vinculación,Poder Ejecutivo,Dirección General,atdt-cntd,Coordinación Nacional de Transformación Digital,5,RI ATDT art. 3,RI_ATDT_2025,Reglamento Interior de la Agencia de Transformación Digital y Telecomunicaciones,https://www.dof.gob.mx/nota_detalle.php?codigo=5747756&fecha=24/01/2025,2025-01-24,Sí,Estructura verificada con actualización normativa posterior al RI de enero de 2025,,,,2026-09-25,La estructura administrativa base procede del RI ATDT de 24-01-2025; la CRT se añade por normativa sectorial posterior de 2025 y su Reglamento Interior de 25-11-2025.
atdt-cnid,Coordinación Nacional de Infraestructura Digital,Coord. Infraestructura Digital,Poder Ejecutivo,Coordinación Nacional,sec-21,Agencia de Transformación Digital y Telecomunicaciones,4,RI ATDT art. 3,RI_ATDT_2025,Reglamento Interior de la Agencia de Transformación Digital y Telecomunicaciones,https://www.dof.gob.mx/nota_detalle.php?codigo=5747756&fecha=24/01/2025,2025-01-24,Sí,Estructura verificada con actualización normativa posterior al RI de enero de 2025,,,,2026-09-25,La estructura administrativa base procede del RI ATDT de 24-01-2025; la CRT se añade por normativa sectorial posterior de 2025 y su Reglamento Interior de 25-11-2025.
atdt-dgcib,Dirección General de Ciberseguridad,DG Ciberseguridad,Poder Ejecutivo,Dirección General,atdt-cnid,Coordinación Nacional de Infraestructura Digital,5,RI ATDT art. 3,RI_ATDT_2025,Reglamento Interior de la Agencia de Transformación Digital y Telecomunicaciones,https://www.dof.gob.mx/nota_detalle.php?codigo=5747756&fecha=24/01/2025,2025-01-24,Sí,Estructura verificada con actualización normativa posterior al RI de enero de 2025,,,,2026-09-25,La estructura administrativa base procede del RI ATDT de 24-01-2025; la CRT se añade por normativa sectorial posterior de 2025 y su Reglamento Interior de 25-11-2025.
atdt-dgi,Dirección General de Infraestructura,DG Infraestructura,Poder Ejecutivo,Dirección General,atdt-cnid,Coordinación Nacional de Infraestructura Digital,5,RI ATDT art. 3,RI_ATDT_2025,Reglamento Interior de la Agencia de Transformación Digital y Telecomunicaciones,https://www.dof.gob.mx/nota_detalle.php?codigo=5747756&fecha=24/01/2025,2025-01-24,Sí,Estructura verificada con actualización normativa posterior al RI de enero de 2025,,,,2026-09-25,La estructura administrativa base procede del RI ATDT de 24-01-2025; la CRT se añade por normativa sectorial posterior de 2025 y su Reglamento Interior de 25-11-2025.
atdt-dgpt,Dirección General de Políticas de Telecomunicaciones,DG Políticas Telecom,Poder Ejecutivo,Dirección General,atdt-cnid,Coordinación Nacional de Infraestructura Digital,5,RI ATDT art. 3,RI_ATDT_2025,Reglamento Interior de la Agencia de Transformación Digital y Telecomunicaciones,https://www.dof.gob.mx/nota_detalle.php?codigo=5747756&fecha=24/01/2025,2025-01-24,Sí,Estructura verificada con actualización normativa posterior al RI de enero de 2025,,,,2026-09-25,La estructura administrativa base procede del RI ATDT de 24-01-2025; la CRT se añade por normativa sectorial posterior de 2025 y su Reglamento Interior de 25-11-2025.
atdt-dgsat,Dirección General Satelital,DG Satelital,Poder Ejecutivo,Dirección General,atdt-cnid,Coordinación Nacional de Infraestructura Digital,5,RI ATDT art. 3,RI_ATDT_2025,Reglamento Interior de la Agencia de Transformación Digital y Telecomunicaciones,https://www.dof.gob.mx/nota_detalle.php?codigo=5747756&fecha=24/01/2025,2025-01-24,Sí,Estructura verificada con actualización normativa posterior al RI de enero de 2025,,,,2026-09-25,La estructura administrativa base procede del RI ATDT de 24-01-2025; la CRT se añade por normativa sectorial posterior de 2025 y su Reglamento Interior de 25-11-2025.
atdt-dgaf,Dirección General de Administración y Finanzas,DG Administración y Finanzas,Poder Ejecutivo,Dirección General,sec-21,Agencia de Transformación Digital y Telecomunicaciones,4,RI ATDT art. 3,RI_ATDT_2025,Reglamento Interior de la Agencia de Transformación Digital y Telecomunicaciones,https://www.dof.gob.mx/nota_detalle.php?codigo=5747756&fecha=24/01/2025,2025-01-24,Sí,Estructura verificada con actualización normativa posterior al RI de enero de 2025,,,,2026-09-25,La estructura administrativa base procede del RI ATDT de 24-01-2025; la CRT se añade por normativa sectorial posterior de 2025 y su Reglamento Interior de 25-11-2025.
atdt-conamer,Comisión Nacional de Mejora Regulatoria,CONAMER,Poder Ejecutivo,Órgano administrativo desconcentrado,sec-21,Agencia de Transformación Digital y Telecomunicaciones,4,RI ATDT art. 3,RI_ATDT_2025,Reglamento Interior de la Agencia de Transformación Digital y Telecomunicaciones,https://www.dof.gob.mx/nota_detalle.php?codigo=5747756&fecha=24/01/2025,2025-01-24,Sí,Estructura verificada con actualización normativa posterior al RI de enero de 2025,,,,2026-09-25,La estructura administrativa base procede del RI ATDT de 24-01-2025; la CRT se añade por normativa sectorial posterior de 2025 y su Reglamento Interior de 25-11-2025.
atdt-crt,Comisión Reguladora de Telecomunicaciones,CRT,Poder Ejecutivo,Órgano administrativo desconcentrado,sec-21,Agencia de Transformación Digital y Telecomunicaciones,4,LMTR arts. 7 y 8; RI CRT 2025,LMTR_2025,Ley en Materia de Telecomunicaciones y Radiodifusión / normativa de la Comisión Reguladora de Telecomunicaciones,https://www.dof.gob.mx/nota_detalle_popup.php?codigo=5783210,2025-07-16,Sí,Estructura verificada con actualización normativa posterior al RI de enero de 2025,,,,2026-09-25,La estructura administrativa base procede del RI ATDT de 24-01-2025; la CRT se añade por normativa sectorial posterior de 2025 y su Reglamento Interior de 25-11-2025.
sal-siscam,Subsecretaría de Integración Sectorial y Coordinación de Servicios de Atención Médica,Subsec. Integración Sectorial,Poder Ejecutivo,Subsecretaría,sec-15,Secretaría de Salud,4,RI Salud art. 2 A.I,RI_SALUD_2025,Reglamento Interior de la Secretaría de Salud,https://www.dof.gob.mx/nota_detalle.php?codigo=5750389&fecha=27/02/2025,2025-02-27,Sí,Estructura superior verificada; unidades administrativas del apartado B y OAD del apartado C pendientes,,,,2026-09-25,
sal-psbp,Subsecretaría de Políticas de Salud y Bienestar Poblacional,Subsec. Políticas de Salud,Poder Ejecutivo,Subsecretaría,sec-15,Secretaría de Salud,4,RI Salud art. 2 A.II,RI_SALUD_2025,Reglamento Interior de la Secretaría de Salud,https://www.dof.gob.mx/nota_detalle.php?codigo=5750389&fecha=27/02/2025,2025-02-27,Sí,Estructura superior verificada; unidades administrativas del apartado B y OAD del apartado C pendientes,,,,2026-09-25,
sal-uaf,Unidad de Administración y Finanzas,UAF,Poder Ejecutivo,Unidad,sec-15,Secretaría de Salud,4,RI Salud art. 2 A.III,RI_SALUD_2025,Reglamento Interior de la Secretaría de Salud,https://www.dof.gob.mx/nota_detalle.php?codigo=5750389&fecha=27/02/2025,2025-02-27,Sí,Estructura superior verificada; unidades administrativas del apartado B y OAD del apartado C pendientes,,,,2026-09-25,
sal-ugaj,Unidad General de Asuntos Jurídicos,UGAJ,Poder Ejecutivo,Unidad General,sec-15,Secretaría de Salud,4,RI Salud art. 2 A.IV,RI_SALUD_2025,Reglamento Interior de la Secretaría de Salud,https://www.dof.gob.mx/nota_detalle.php?codigo=5750389&fecha=27/02/2025,2025-02-27,Sí,Estructura superior verificada; unidades administrativas del apartado B y OAD del apartado C pendientes,,,,2026-09-25,
sal-ccinshae,Comisión Coordinadora de Institutos Nacionales de Salud y Hospitales de Alta Especialidad,CCINSHAE,Poder Ejecutivo,Comisión Coordinadora,sec-15,Secretaría de Salud,4,RI Salud art. 2 A.V,RI_SALUD_2025,Reglamento Interior de la Secretaría de Salud,https://www.dof.gob.mx/nota_detalle.php?codigo=5750389&fecha=27/02/2025,2025-02-27,Sí,Estructura superior verificada; unidades administrativas del apartado B y OAD del apartado C pendientes,,,,2026-09-25,
sal-ucvps,Unidad Coordinadora de Vinculación y Participación Social,Unidad Vinculación Social,Poder Ejecutivo,Unidad,sec-15,Secretaría de Salud,4,RI Salud art. 2 A.VI,RI_SALUD_2025,Reglamento Interior de la Secretaría de Salud,https://www.dof.gob.mx/nota_detalle.php?codigo=5750389&fecha=27/02/2025,2025-02-27,Sí,Estructura superior verificada; unidades administrativas del apartado B y OAD del apartado C pendientes,,,,2026-09-25,
sal-uaeis,Unidad de Análisis Económico e Investigación en Salud,Unidad Análisis Económico,Poder Ejecutivo,Unidad,sec-15,Secretaría de Salud,4,RI Salud art. 2 A.VII,RI_SALUD_2025,Reglamento Interior de la Secretaría de Salud,https://www.dof.gob.mx/nota_detalle.php?codigo=5750389&fecha=27/02/2025,2025-02-27,Sí,Estructura superior verificada; unidades administrativas del apartado B y OAD del apartado C pendientes,,,,2026-09-25,
sal-uaais,Unidad de Acceso y Abasto de Insumos para la Salud,Unidad Acceso y Abasto,Poder Ejecutivo,Unidad,sec-15,Secretaría de Salud,4,RI Salud art. 2 A.VIII,RI_SALUD_2025,Reglamento Interior de la Secretaría de Salud,https://www.dof.gob.mx/nota_detalle.php?codigo=5750389&fecha=27/02/2025,2025-02-27,Sí,Estructura superior verificada; unidades administrativas del apartado B y OAD del apartado C pendientes,,,,2026-09-25,
