codigo,fuente,fecha_publicacion,url,nota,tipo_registro,institucion
CPEUM,Constitución Política de los Estados Unidos Mexicanos,2026-03-03,https://www.diputados.gob.mx/LeyesBiblio/pdf/CPEUM.pdf,Texto constitucional vigente consultado; última reforma indicada en la fuente: 03-03-2026.,Estructura / fundamento,
LOAPF,Ley Orgánica de la Administración Pública Federal,,https://www.diputados.gob.mx/LeyesBiblio/pdf/LOAPF.pdf,Texto vigente consultado para la arquitectura de la APF y las dependencias del artículo 26.,Estructura / fundamento,
RI_MUJERES_2025,Reglamento Interior de la Secretaría de las Mujeres,2025-01-10,https://www.dof.gob.mx/nota_detalle.php?codigo=5746949&fecha=10/01/2025,Artículo 2: unidades administrativas de la Secretaría.,Estructura / fundamento,
MOG_MUJERES_2026,Manual de Organización General de la Secretaría de las Mujeres,2026-04-16,https://www.dof.gob.mx/nota_detalle.php?codigo=5785056&fecha=16/04/2026,Manual publicado mediante Acuerdo; permite establecer adscripción jerárquica entre unidades.,Estructura / fundamento,
RI_SENER_2025,Reglamento Interior de la Secretaría de Energía,2025-04-17,https://www.dof.gob.mx/nota_detalle.php?codigo=5755222&fecha=17/04/2025,Artículo 2: organización de la Secretaría de Energía.,Estructura / fundamento,
MOG_SENER_2026,Manual de Organización General de la Secretaría de Energía,2026-04-27,https://www.dof.gob.mx/abrirPDF.php?anio=2026&archivo=27042026-MAT.pdf&repo=,Manual de Organización General publicado en DOF el 27-04-2026.,Estructura / fundamento,
RI_ATDT_2025,Reglamento Interior de la Agencia de Transformación Digital y Telecomunicaciones,2025-01-24,https://www.dof.gob.mx/nota_detalle.php?codigo=5747756&fecha=24/01/2025,Artículo 3: estructura administrativa inicial de la Agencia.,Estructura / fundamento,
LMTR_2025,Ley en Materia de Telecomunicaciones y Radiodifusión / normativa de la Comisión Reguladora de Telecomunicaciones,2025-07-16,https://www.dof.gob.mx/nota_detalle_popup.php?codigo=5783210,La Comisión Reguladora de Telecomunicaciones es órgano administrativo desconcentrado de la ATDT; vigente en 2026.,Estructura / fundamento,
RI_SALUD_2025,Reglamento Interior de la Secretaría de Salud,2025-02-27,https://www.dof.gob.mx/nota_detalle.php?codigo=5750389&fecha=27/02/2025,Artículo 2: estructura de la Secretaría de Salud.,Estructura / fundamento,
RI_SEGOB_2025,Reglamento Interior de la Secretaría de Gobernación,2025-03-21,https://dof.gob.mx/abrirPDF.php?anio=2025&archivo=21032025-VES.pdf&repo=repositorio%2F,"Artículo 3: unidades administrativas, adscripción inmediata y ocho órganos administrativos desconcentrados.",Estructura / fundamento,
RI_SHCP_2025,Decreto de reforma al Reglamento Interior de la Secretaría de Hacienda y Crédito Público,2025-02-24,https://www.dof.gob.mx/nota_detalle.php?codigo=5750009&fecha=24/02/2025,Artículo 50: régimen de suplencias usado como evidencia auxiliar para reconstruir niveles superiores y unidades adscritas; pendiente cierre con artículo 4/manual.,Estructura / fundamento,
RI_SABG_2024_2025,Reglamento Interior de la Secretaría Anticorrupción y Buen Gobierno y reforma de 21/03/2025,2025-03-21,https://dof.gob.mx/nota_detalle.php?codigo=5752650&fecha=21/03/2025,Base 31/12/2024 + reforma 21/03/2025; incorpora Unidad de Protección de Datos Personales y Transparencia para el Pueblo.,Estructura / fundamento,
RI_SEP_2025,Reforma al Reglamento Interior de la Secretaría de Educación Pública,2025-10-03,https://www.dof.gob.mx/nota_detalle.php?codigo=5769097&fecha=03/10/2025,Reforma vigente usada para actualizar las unidades superiores; fe de erratas publicada 15/10/2025 debe considerarse al cargar direcciones generales.,Estructura / fundamento,
RI_SICT_2026,"Reglamento Interior de la Secretaría de Infraestructura, Comunicaciones y Transportes",2026-06-09,https://www.dof.gob.mx/abrirPDF.php?anio=2026&archivo=09062026-VES.pdf&repo=repositorio%2F,Nuevo Reglamento Interior de 2026; v0.3 carga ramas superiores verificadas y continúa transcripción integral.,Estructura / fundamento,
RI_SEMARNAT_2025,Reglamento Interior de la Secretaría de Medio Ambiente y Recursos Naturales,2025-03-14,https://www.dof.gob.mx/abrirPDF.php?anio=2025&archivo=14032025-MAT.pdf&repo=repositorio%2F,Artículo 3: estructura básica de unidades administrativas y cuatro órganos administrativos desconcentrados.,Estructura / fundamento,
RI_SRE_2025,Reglamento Interior de la Secretaría de Relaciones Exteriores,2025-10-02,https://www.dof.gob.mx/abrirPDF.php?anio=2025&archivo=02102025-MAT.pdf&repo=,Base reglamentaria vigente identificada para la estructura superior de SRE.,Estructura / fundamento,
ADS_SRE_2026,Acuerdo por el que se adscriben orgánicamente las unidades administrativas de la Secretaría de Relaciones Exteriores,2026-02-20,https://www.dof.gob.mx/abrirPDF.php?anio=2026&archivo=20022026-MAT.pdf&repo=,Fuente principal de adscripción utilizada para la jerarquía SRE en v0.4.,Estructura / fundamento,
RI_SSPC_2025,Reglamento Interior de la Secretaría de Seguridad y Protección Ciudadana,2025-06-24,https://www.dof.gob.mx/nota_detalle.php?codigo=5760917&fecha=24/06/2025,"Artículo 2 utilizado para subsecretarías, unidades y órganos administrativos desconcentrados.",Estructura / fundamento,
MOG_BIENESTAR_2024,Manual de Organización General de la Secretaría de Bienestar,2024-06-19,https://dof.gob.mx/abrirPDF.php?anio=2024&archivo=19062024-MAT.pdf&repo=,Manual con estructura orgánica básica con vigencia indicada al 16-02-2024; dejó sin efectos el MOG 2022.,Estructura / fundamento,
MOG_ECONOMIA_2022,Manual de Organización General de la Secretaría de Economía,2022-02-02,https://dof.gob.mx/nota_detalle.php?codigo=5641872&fecha=02/02/2022,Base detallada de estructura; se usa conjuntamente con adscripciones y reformas posteriores.,Estructura / fundamento,
ADS_ECONOMIA_2024,Acuerdo por el que se adscriben orgánicamente las unidades administrativas de la Secretaría de Economía,2024-04-10,https://www.dof.gob.mx/abrirPDF.php?anio=2024&archivo=10042024-MAT.pdf&repo=,Adscripción orgánica posterior al MOG 2022; fuente de control para v0.4.,Estructura / fundamento,
RI_ECONOMIA_REF_2025,Reforma al Reglamento Interior de la Secretaría de Economía,2025-03-14,https://www.dof.gob.mx/abrirPDF.php?anio=2025&archivo=14032025-MAT.pdf&repo=,Actualización parcial de nomenclaturas y estructura; conciliación exhaustiva pendiente.,Estructura / fundamento,
RI_AGRICULTURA_2025DIC,Reglamento Interior de la Secretaría de Agricultura y Desarrollo Rural,2025-12-31,https://www.dof.gob.mx/abrirPDF.php?anio=2025&archivo=31122025-MAT.pdf&repo=,Reglamento vigente identificado; abrogó/sustituyó el reglamento de enero de 2025.,Estructura / fundamento,
RI_SECIHTI_2025,"Reglamento Interior de la Secretaría de Ciencia, Humanidades, Tecnología e Innovación",2025-01-24,https://dof.gob.mx/nota_detalle.php?codigo=5747752&fecha=24/01/2025,Artículo 3 utilizado para reconstruir la estructura básica.,Estructura / fundamento,
MOG_DEFENSA_2026,Manual de Organización General de la Secretaría de la Defensa Nacional,2026-06-22,https://sidof.segob.gob.mx/notas/5791257,Manual vigente identificado; sustituye el Manual publicado el 28/02/2024 y establece la organización hasta nivel Dirección General.,Estructura / fundamento,
RI_MARINA_2025,Reglamento Interior de la Secretaría de Marina,2025-12-11,https://www.dof.gob.mx/abrirPDF.php?anio=2025&archivo=11122025-VES.pdf&repo=,"Reglamento vigente utilizado para estructura administrativa, marítimo-portuaria y órganos operativos superiores.",Estructura / fundamento,
MOG_STPS_2023,Manual de Organización General de la Secretaría del Trabajo y Previsión Social,2023-08-04,https://dof.gob.mx/nota_detalle_popup.php?codigo=5722805,Manual posterior a la reforma del Reglamento Interior de 05/06/2023; describe la estructura orgánica básica y órgano administrativo desconcentrado.,Estructura / fundamento,
RI_SEDATU_2025,"Reglamento Interior de la Secretaría de Desarrollo Agrario, Territorial y Urbano",2025-01-17,https://dof.gob.mx/index.php?day=17&edicion=MAT&month=01&year=2025,Reglamento vigente de SEDATU; la jerarquía cargada se limita a unidades cuya existencia/adscripción pudo verificarse con el Reglamento y actos oficiales 2025-2026.,Estructura / fundamento,
RI_RAN_2024,Reglamento Interior del Registro Agrario Nacional,2024-01-17,https://www.dof.gob.mx/nota_detalle.php?codigo=5714535&fecha=17/01/2024,Reglamento del RAN como órgano administrativo desconcentrado de SEDATU.,Estructura / fundamento,
RI_CULTURA_2025,Reglamento Interior de la Secretaría de Cultura,2025-07-22,https://dof.gob.mx/nota_detalle.php?codigo=5763480&fecha=22/07/2025,Artículo 2 utilizado para unidades administrativas y OAD; se privilegia la Relación Paraestatal 2026 cuando existen cambios posteriores de sectorización.,Estructura / fundamento,
PRES_TURISMO_2026,"Calendario de Presupuesto autorizado al Ramo 21 Turismo, ejercicio fiscal 2026",2025-12-18,https://dof.gob.mx/nota_detalle_popup.php?codigo=5776542,"Fuente oficial 2026 por unidad responsable del sector central, utilizada para verificar las unidades de la Secretaría de Turismo.",Estructura / fundamento,
PRES_PRESIDENCIA_2025,"Calendario de gasto autorizado al Ramo 02 Oficina de la Presidencia de la República, ejercicio fiscal 2025",2025-01-16,https://www.dof.gob.mx/abrirPDF.php?anio=2025&archivo=16012025-MAT.pdf&repo=repositorio%2F,Fuente presupuestaria-organizacional utilizada para individualizar unidades responsables de la Oficina de la Presidencia.,Estructura / fundamento,
RI_CJEF_2025,Reglamento Interior de la Consejería Jurídica del Ejecutivo Federal,2025-10-06,https://dof.gob.mx/nota_detalle.php?codigo=5769301&fecha=06/10/2025,"Artículo 4 y artículo 15 utilizados para Consejerías Adjuntas, UAF y dos Direcciones Generales expresamente mencionadas.",Estructura / fundamento,
REL_PARA_2026,Relación de las Entidades Paraestatales de la Administración Pública Federal,2026-08-12,https://dof.gob.mx/nota_detalle.php?codigo=5796062&fecha=12/08/2026,"Relación anual oficial: 181 entidades activas y 12 entidades en proceso/exclusión de desincorporación. Sus efectos son declarativos, no constitutivos.",Estructura / fundamento,
TITULAR_EXEC_ROOT,Verificación de titular: Claudia Sheinbaum Pardo,,https://www.gob.mx/presidencia/articulos/version-estenografica-honestidad-y-resultados-en-queretaro,Fuente oficial utilizada para verificar al 28/09/2026 el cargo: Presidenta de los Estados Unidos Mexicanos.,Titularidad / directorio oficial,Poder Ejecutivo de la Unión
TITULAR_PRESIDENCIA,Verificación de titular: Lázaro Cárdenas Batel,,https://www.gob.mx/presidencia/prensa/presidenta-claudia-sheinbaum-recibe-en-palacio-nacional-a-su-homologo-de-la-republica-de-corea-lee-jae-myung,Fuente oficial utilizada para verificar al 28/09/2026 el cargo: Jefe de la Oficina de la Presidencia de la República.,Titularidad / directorio oficial,Oficina de la Presidencia de la República
TITULAR_CJER,Verificación de titular: Esthela Damián Peralta,,https://www.gob.mx/cjef/articulos/comunicado-08,Fuente oficial utilizada para verificar al 28/09/2026 el cargo: Consejera Jurídica del Ejecutivo Federal.,Titularidad / directorio oficial,Consejería Jurídica del Ejecutivo Federal
TITULAR_SEC_0,Verificación de titular: Rosa Icela Rodríguez Velázquez,,https://www.gob.mx/segob/prensa/secretaria-de-gobernacion-rosa-icela-rodriguez-durante-la-conferencia-del-pueblo-435646,Fuente oficial utilizada para verificar al 28/09/2026 el cargo: Secretaria de Gobernación.,Titularidad / directorio oficial,Secretaría de Gobernación
TITULAR_SEC_1,Verificación de titular: Roberto Velasco Álvarez,,https://www.gob.mx/sre/estructuras/roberto-velasco-alvarez,Fuente oficial utilizada para verificar al 28/09/2026 el cargo: Secretario de Relaciones Exteriores.,Titularidad / directorio oficial,Secretaría de Relaciones Exteriores
TITULAR_SEC_2,Verificación de titular: Ricardo Trevilla Trejo,,https://www.gob.mx/defensa/estructuras/general-ricardo-trevilla-trejo,Fuente oficial utilizada para verificar al 28/09/2026 el cargo: Secretario de la Defensa Nacional.,Titularidad / directorio oficial,Secretaría de la Defensa Nacional
TITULAR_SEC_3,Verificación de titular: Raymundo Pedro Morales Ángeles,,https://www.gob.mx/semar/estructuras/almirante-raymundo-pedro-morales-angeles,Fuente oficial utilizada para verificar al 28/09/2026 el cargo: Secretario de Marina.,Titularidad / directorio oficial,Secretaría de Marina
TITULAR_SEC_4,Verificación de titular: Omar García Harfuch,,https://www.gob.mx/sspc/prensa/estrategia-nacional-de-seguridad-en-tabasco-contribuye-a-reducir-54-por-ciento-el-homicidio-doloso,Fuente oficial utilizada para verificar al 28/09/2026 el cargo: Secretario de Seguridad y Protección Ciudadana.,Titularidad / directorio oficial,Secretaría de Seguridad y Protección Ciudadana
TITULAR_SEC_5,Verificación de titular: Édgar Amador Zamora,,https://www.gob.mx/shcp/estructuras/edgar-amador-zamora,Fuente oficial utilizada para verificar al 28/09/2026 el cargo: Secretario de Hacienda y Crédito Público.,Titularidad / directorio oficial,Secretaría de Hacienda y Crédito Público
TITULAR_SEC_6,Verificación de titular: Leticia Ramírez Amaya,,https://www.gob.mx/bienestar/prensa/el-41-4-por-ciento-de-los-hogares-mexicanos-recibe-los-programas-para-el-bienestar-federales-o-estatales-leticia-ramirez,Fuente oficial utilizada para verificar al 28/09/2026 el cargo: Secretaria de Bienestar.,Titularidad / directorio oficial,Secretaría de Bienestar
TITULAR_SEC_7,Verificación de titular: Alicia Bárcena Ibarra,,https://www.gob.mx/semarnat/documentos/participacion-de-la-secretaria-de-medio-ambiente-y-recursos-naturales-alicia-barcena-ibarra-en-la-ceremonia-inaugural-de-la-feria-nacional,Fuente oficial utilizada para verificar al 28/09/2026 el cargo: Secretaria de Medio Ambiente y Recursos Naturales.,Titularidad / directorio oficial,Secretaría de Medio Ambiente y Recursos Naturales
TITULAR_SEC_8,Verificación de titular: Luz Elena González Escobar,,https://www.gob.mx/sener/estructuras/luz-elena-gonzalez-escobar,Fuente oficial utilizada para verificar al 28/09/2026 el cargo: Secretaria de Energía.,Titularidad / directorio oficial,Secretaría de Energía
TITULAR_SEC_9,Verificación de titular: Marcelo Ebrard Casaubon,,https://www.gob.mx/se/prensa/participacion-del-secretario-de-economia-marcelo-ebrard-durante-la-mananera-del-pueblo-436293,Fuente oficial utilizada para verificar al 28/09/2026 el cargo: Secretario de Economía.,Titularidad / directorio oficial,Secretaría de Economía
TITULAR_SEC_10,Verificación de titular: Columba Jazmín López Gutiérrez,,https://www.gob.mx/agricultura/prensa/secretaria-columba-lopez-sostiene-dialogo-positivo-con-productores-en-sinaloa,Fuente oficial utilizada para verificar al 28/09/2026 el cargo: Secretaria de Agricultura y Desarrollo Rural.,Titularidad / directorio oficial,Secretaría de Agricultura y Desarrollo Rural
TITULAR_SEC_11,Verificación de titular: Jesús Antonio Esteva Medina,,https://www.gob.mx/sict/estructuras/jesus-antonio-esteva-medina,"Fuente oficial utilizada para verificar al 28/09/2026 el cargo: Secretario de Infraestructura, Comunicaciones y Transportes.",Titularidad / directorio oficial,"Secretaría de Infraestructura, Comunicaciones y Transportes"
TITULAR_SEC_12,Verificación de titular: Raquel Buenrostro Sánchez,,https://www.gob.mx/buengobierno/prensa/mexico-fortalece-la-confianza-ciudadana-en-instituciones-publicas-con-niveles-superiores-al-promedio-de-la-ocde,Fuente oficial utilizada para verificar al 28/09/2026 el cargo: Secretaria Anticorrupción y Buen Gobierno.,Titularidad / directorio oficial,Secretaría Anticorrupción y Buen Gobierno
TITULAR_SEC_13,Verificación de titular: Mario Delgado Carrillo,,https://www.gob.mx/sep/prensa/boletin-305-impulsa-gobierno-de-mexico-cultura-fisica-y-deporte-en-escuelas-ante-regulacion-de-dispositivos-digitales-mario-delgado,Fuente oficial utilizada para verificar al 28/09/2026 el cargo: Secretario de Educación Pública.,Titularidad / directorio oficial,Secretaría de Educación Pública
TITULAR_SEC_14,Verificación de titular: Rosaura Ruiz Gutiérrez,,https://sidof.segob.gob.mx/notas/docFuente/5779617,"Fuente oficial utilizada para verificar al 28/09/2026 el cargo: Secretaria de Ciencia, Humanidades, Tecnología e Innovación.",Titularidad / directorio oficial,"Secretaría de Ciencia, Humanidades, Tecnología e Innovación"
TITULAR_SEC_15,Verificación de titular: David Kershenobich Stalnikowitz,,https://www.gob.mx/salud/estructuras/dr-david-kershenobich-stalnikowitz,Fuente oficial utilizada para verificar al 28/09/2026 el cargo: Secretario de Salud.,Titularidad / directorio oficial,Secretaría de Salud
TITULAR_SEC_16,Verificación de titular: Marath Baruch Bolaños López,,https://www.gob.mx/stps/estructuras/marath-baruch-bolanos-lopez,Fuente oficial utilizada para verificar al 28/09/2026 el cargo: Secretario del Trabajo y Previsión Social.,Titularidad / directorio oficial,Secretaría del Trabajo y Previsión Social
TITULAR_SEC_17,Verificación de titular: Edna Elena Vega Rangel,,https://www.gob.mx/sedatu/estructuras/edna-elena-vega-rangel,"Fuente oficial utilizada para verificar al 28/09/2026 el cargo: Secretaria de Desarrollo Agrario, Territorial y Urbano.",Titularidad / directorio oficial,"Secretaría de Desarrollo Agrario, Territorial y Urbano"
TITULAR_SEC_18,Verificación de titular: Claudia Curiel de Icaza,,https://www.gob.mx/cultura/estructuras/claudia-curiel-de-icaza,Fuente oficial utilizada para verificar al 28/09/2026 el cargo: Secretaria de Cultura.,Titularidad / directorio oficial,Secretaría de Cultura
TITULAR_SEC_19,Verificación de titular: Josefina Rodríguez Zamora,,https://www.gob.mx/sectur/articulos/a-dos-anos-del-gobierno-de-la-presidenta-claudia-sheinbaum-mexico-rompe-records-turisticos-e-impulsa-la-prosperidad-compartida,Fuente oficial utilizada para verificar al 28/09/2026 el cargo: Secretaria de Turismo.,Titularidad / directorio oficial,Secretaría de Turismo
TITULAR_SEC_20,Verificación de titular: Laura Itzel Castillo Juárez,,https://www.gob.mx/mujeres/prensa/laura-itzel-castillo-juarez-asume-la-titularidad-de-la-secretaria-de-las-mujeres-busca-profundizar-politicas-de-bienestar-e-igualdad-sustantiva,Fuente oficial utilizada para verificar al 28/09/2026 el cargo: Secretaria de las Mujeres.,Titularidad / directorio oficial,Secretaría de las Mujeres
TITULAR_SEC_21,Verificación de titular: José Antonio Peña Merino,,https://www.gob.mx/atdt/sobre-la-agencia,Fuente oficial utilizada para verificar al 28/09/2026 el cargo: Secretario de la Agencia de Transformación Digital y Telecomunicaciones.,Titularidad / directorio oficial,Agencia de Transformación Digital y Telecomunicaciones
SAL_ADS,Acuerdo de adscripción orgánica de la Secretaría de Salud,2025-03-27,https://dof.gob.mx/nota_detalle.php?codigo=5753120&fecha=27/03/2025,Estructura orgánica o adscripción explícita; verificación 2026-09-28.,Estructura / fundamento,Secretaría de Salud
SAL_RI,Reglamento Interior de la Secretaría de Salud,2025-02-27,https://dof.gob.mx/nota_detalle.php?codigo=5750389&fecha=27/02/2025,Estructura orgánica o adscripción explícita; verificación 2026-09-28.,Estructura / fundamento,Secretaría de Salud
SEP_ADS,Acuerdo número 26/10/25 de adscripción orgánica de la Secretaría de Educación Pública,2025-10-28,https://dof.gob.mx/nota_detalle.php?codigo=5771091&fecha=28/10/2025,Estructura orgánica o adscripción explícita; verificación 2026-09-28.,Estructura / fundamento,Secretaría de Educación Pública
SEP_RI,"Reglamento Interior de la Secretaría de Educación Pública, reforma 03-10-2025",2025-10-03,https://dof.gob.mx/nota_detalle.php?codigo=5769097&fecha=03/10/2025,Estructura orgánica o adscripción explícita; verificación 2026-09-28.,Estructura / fundamento,Secretaría de Educación Pública
TUR_MOG,Manual de Organización General de la Secretaría de Turismo,2025-12-30,https://dof.gob.mx/nota_detalle.php?codigo=5777508&fecha=30/12/2025,Estructura orgánica o adscripción explícita; verificación 2026-09-28.,Estructura / fundamento,Secretaría de Turismo
PEMEX_2026,"Estatuto Orgánico de la Empresa Pública del Estado, Petróleos Mexicanos",2026-09-25,https://dof.gob.mx/nota_detalle.php?codigo=5799602&fecha=25/09/2026,Estructura orgánica o adscripción explícita; verificación 2026-09-28.,Estructura / fundamento,Petróleos Mexicanos
CFE_EO,"Estatuto Orgánico de la Empresa Pública del Estado, Comisión Federal de Electricidad",2025-06-02,https://dof.gob.mx/nota_detalle_popup.php?codigo=5758999,Estructura orgánica o adscripción explícita; verificación 2026-09-28.,Estructura / fundamento,Comisión Federal de Electricidad
IMSS_ORG,Estructura Orgánica del Instituto Mexicano del Seguro Social,,https://www.imss.gob.mx/node/101786,Estructura orgánica o adscripción explícita; verificación 2026-09-28.,Estructura / fundamento,Instituto Mexicano del Seguro Social
ISSSTE_EO,Estatuto Orgánico del Instituto de Seguridad y Servicios Sociales de los Trabajadores del Estado,2023-01-06,https://dof.gob.mx/nota_detalle.php?codigo=5676519&fecha=06/01/2023,Estructura orgánica o adscripción explícita; verificación 2026-09-28.,Estructura / fundamento,ISSSTE
IMSSB_EO,Estatuto Orgánico integrado de IMSS-BIENESTAR (hasta 02-04-2025),2025-04-02,https://cdn.imssbienestar.gob.mx/ssib/assets/docs/infra_equipamiento/normatividad_interna/ESTATUTO_ORGANICO_IMSS_BIENESTAR_INTEGRADO.pdf,Estructura orgánica o adscripción explícita; verificación 2026-09-28.,Estructura / fundamento,IMSS-BIENESTAR
IMSSB_MOD,Modificación al Estatuto Orgánico de IMSS-BIENESTAR de 25-09-2025,2025-09-25,https://dof.gob.mx/2025/IMSS-BIENESTAR/MODIFICACIONESTATUTO_25_09_2025.pdf,Estructura orgánica o adscripción explícita; verificación 2026-09-28.,Estructura / fundamento,IMSS-BIENESTAR
SICT_RI26,"Reglamento Interior de la Secretaría de Infraestructura, Comunicaciones y Transportes",2026-06-09,https://dof.gob.mx/nota_detalle.php?codigo=5790178&fecha=09/06/2026,Estructura orgánica o adscripción explícita; verificación 2026-09-28.,Estructura / fundamento,SICT
SENER_RI25,Reglamento Interior de la Secretaría de Energía,2025-04-17,https://dof.gob.mx/nota_detalle.php?codigo=5755222&fecha=17/04/2025,Estructura orgánica o adscripción explícita; verificación 2026-09-28.,Estructura / fundamento,SENER
ATTRAPI_DEC,Decreto de creación de la Agencia de Trenes y Transporte Público Integrado,2026-01-13,https://sidof.segob.gob.mx/notas/docFuente/5778237,Estructura orgánica o adscripción explícita; verificación 2026-09-28.,Estructura / fundamento,ATTRAPI
ATTRAPI_EO,Estatuto Orgánico de la Agencia de Trenes y Transporte Público Integrado,2026-04-03,https://sidof.segob.gob.mx/notas/docFuente/5784030,Estructura orgánica o adscripción explícita; verificación 2026-09-28.,Estructura / fundamento,ATTRAPI
SABG_RI,Reglamento Interior de la Secretaría Anticorrupción y Buen Gobierno,2024-12-31,https://dof.gob.mx/nota_detalle.php?codigo=5746534&fecha=31/12/2024,Estructura orgánica o adscripción explícita; verificación 2026-09-28.,Estructura / fundamento,Secretaría Anticorrupción y Buen Gobierno
SABG_MOD,Reforma del Reglamento Interior SABG y Reglamento Interior de Transparencia para el Pueblo,2025-03-21,https://dof.gob.mx/nota_detalle.php?codigo=5752650&fecha=21/03/2025,Estructura orgánica o adscripción explícita; verificación 2026-09-28.,Estructura / fundamento,Secretaría Anticorrupción y Buen Gobierno
SEDATU_RI,"Reglamento Interior de la Secretaría de Desarrollo Agrario, Territorial y Urbano",2025-01-17,https://www.dof.gob.mx/nota_detalle.php?codigo=5747317&fecha=17/01/2025,Estructura orgánica o adscripción explícita; verificación 2026-09-28.,Estructura / fundamento,SEDATU
SADER_RI25,Reglamento Interior de la Secretaría de Agricultura y Desarrollo Rural,2025-12-31,https://sidof.segob.gob.mx/notas/docFuente/5777652,Estructura orgánica o adscripción explícita; verificación 2026-09-28.,Estructura / fundamento,Secretaría de Agricultura y Desarrollo Rural
FED_MUJERES_MOG,Manual de Organización General de la Secretaría de las Mujeres (2026),,https://dof.gob.mx/2026/MUJERES/ManualdeOrganizacionGeneral.pdf,Consulta 2026-09-29. Estructura documental. La fecha de consulta no sustituye la de vigencia.,Estructura federal / fundamento,Secretaría de las Mujeres
FED_SENER_MOG,"Manual de Organización General de la Secretaría de Energía, publicado 27 de abril de 2026",2026-04-27,https://sidof.segob.gob.mx/notas/docFuente/5785999,Consulta 2026-09-29. Estructura documental. La fecha de consulta no sustituye la de vigencia.,Estructura federal / fundamento,Secretaría de Energía
FED_CNE_MOG_EXTRACT,"Manual de Organización General de la Comisión Nacional de Energía, publicado 29 de mayo de 2026",2026-05-29,https://sidof.segob.gob.mx/notas/docFuente/5788990,Consulta 2026-09-29. Estructura documental. La fecha de consulta no sustituye la de vigencia.,Estructura federal / fundamento,Comisión Nacional de Energía
FED_LNETB,Ley Nacional para Eliminar Trámites Burocráticos,2025-07-16,https://www.diputados.gob.mx/LeyesBiblio/pdf/LNETB.pdf,Consulta 2026-09-29. Estructura documental. La fecha de consulta no sustituye la de vigencia.,Estructura federal / fundamento,ATDT
FED_CAPUFE_MOG,Manual de Organización General de CAPUFE (2024),,https://dof.gob.mx/2024/CAPUFE/manual_general_organizacion_CAPUFE.pdf,Consulta 2026-09-29. Documento de 2024; cotejo de reformas posteriores pendiente. La fecha de consulta no sustituye la de vigencia.,Estructura federal / fundamento,CAPUFE
FED_CAPUFE_EO,Estatuto Orgánico de CAPUFE (2021),2021-04-30,https://sidof.segob.gob.mx/notas/docFuente/5617319,Consulta 2026-09-29. Estructura documental. La fecha de consulta no sustituye la de vigencia.,Estructura federal / fundamento,CAPUFE
FED_INEA_MOG,Manual General de Organización del Instituto Nacional para la Educación de los Adultos 2025,2026-01-05,https://sidof.segob.gob.mx/notas/docFuente/5777844,Consulta 2026-09-29. Estructura documental. La fecha de consulta no sustituye la de vigencia.,Estructura federal / fundamento,INEA
FED_DIP_MGO,"Manual General de Organización de la Cámara de Diputados, actualización 18 de julio de 2023",2023-07-18,https://www.diputados.gob.mx/LeyesBiblio/marjur/marco/MGOCD.pdf,Consulta 2026-09-29. Documento publicado en el catálogo institucional; adscripciones intermedias pendientes donde el índice no las determina. La fecha de consulta no sustituye la de vigencia.,Estructura federal / fundamento,Cámara de Diputados
FED_DIP_LEY,"Ley Orgánica del Congreso General de los Estados Unidos Mexicanos, texto vigente",2025-07-07,https://www.diputados.gob.mx/LeyesBiblio/pdf/LOCGEUM.pdf,Consulta 2026-09-29. Estructura documental. La fecha de consulta no sustituye la de vigencia.,Estructura federal / fundamento,Congreso de la Unión
FED_ASF_RI26,Reglamento Interior de la Auditoría Superior de la Federación,2026-04-01,https://sidof.segob.gob.mx/notas/docFuente/5783864,Consulta 2026-09-29. Estructura documental. La fecha de consulta no sustituye la de vigencia.,Estructura federal / fundamento,Auditoría Superior de la Federación
FED_FINABIEN_EO,Estatuto Orgánico de Financiera para el Bienestar,2025-06-04,https://sidof.segob.gob.mx/notas/docFuente/5759188,Consulta 2026-09-29. Texto de la edición citada; cotejo de modificaciones posteriores pendiente. La fecha de consulta no sustituye la de vigencia.,Estructura federal / fundamento,Financiera para el Bienestar
FED_CENAGAS_EO,Estatuto Orgánico del Centro Nacional de Control del Gas Natural,2023-05-22,https://sidof.segob.gob.mx/notas/docFuente/5689456,Consulta 2026-09-29. Texto de la edición citada; cotejo de modificaciones posteriores pendiente. La fecha de consulta no sustituye la de vigencia.,Estructura federal / fundamento,Centro Nacional de Control del Gas Natural
FED_CENACE_EO,Estatuto Orgánico del Centro Nacional de Control de Energía,2018-04-20,https://sidof.segob.gob.mx/notas/docFuente/5520275,Consulta 2026-09-29. Texto de la edición citada; cotejo de modificaciones posteriores pendiente. La fecha de consulta no sustituye la de vigencia.,Estructura federal / fundamento,Centro Nacional de Control de Energía
FED_INAPAM_EO,Estatuto Orgánico del Instituto Nacional de las Personas Adultas Mayores,2019-08-16,https://sidof.segob.gob.mx/notas/docFuente/5568227,Consulta 2026-09-29. Texto de la edición citada; cotejo de modificaciones posteriores pendiente. La fecha de consulta no sustituye la de vigencia.,Estructura federal / fundamento,Instituto Nacional de las Personas Adultas Mayores
FED_SEPOMEX_EO,Estatuto Orgánico del Servicio Postal Mexicano,2014-06-03,https://sidof.segob.gob.mx/notas/docFuente/5347061,Consulta 2026-09-29. Texto de la edición citada; cotejo de modificaciones posteriores pendiente. La fecha de consulta no sustituye la de vigencia.,Estructura federal / fundamento,Servicio Postal Mexicano
FED_INDEP_EO,Estatuto Orgánico del Instituto para Devolver al Pueblo lo Robado (2024),2024-09-26,https://sidof.segob.gob.mx/notas/docFuente/5739692,Consulta 2026-09-29. Texto de la edición citada; cotejo de modificaciones posteriores pendiente. La fecha de consulta no sustituye la de vigencia.,Estructura federal / fundamento,Instituto para Devolver al Pueblo lo Robado
FED_PRODECON_EO,Estatuto Orgánico de la Procuraduría de la Defensa del Contribuyente,2020-07-24,https://sidof.segob.gob.mx/notas/docFuente/5597269,Consulta 2026-09-29. Texto de la edición citada; cotejo de modificaciones posteriores pendiente. La fecha de consulta no sustituye la de vigencia.,Estructura federal / fundamento,Procuraduría de la Defensa del Contribuyente
FED_CEAV_EO,Estatuto Orgánico de la Comisión Ejecutiva de Atención a Víctimas,2022-05-30,https://sidof.segob.gob.mx/notas/docFuente/5653570,Consulta 2026-09-29. Texto de la edición citada; cotejo de modificaciones posteriores pendiente. La fecha de consulta no sustituye la de vigencia.,Estructura federal / fundamento,Comisión Ejecutiva de Atención a Víctimas
FED_ASA_EO,Estatuto Orgánico de Aeropuertos y Servicios Auxiliares,2023-01-31,https://sidof.segob.gob.mx/notas/docFuente/5678365,Consulta 2026-09-29. Texto de la edición citada; cotejo de modificaciones posteriores pendiente. La fecha de consulta no sustituye la de vigencia.,Estructura federal / fundamento,Aeropuertos y Servicios Auxiliares
FED_CONAVI_EO,Estatuto Orgánico de la Comisión Nacional de Vivienda,2025-12-18,https://sidof.segob.gob.mx/notas/docFuente/5776558,Consulta 2026-09-29. Texto de la edición citada; cotejo de modificaciones posteriores pendiente. La fecha de consulta no sustituye la de vigencia.,Estructura federal / fundamento,Comisión Nacional de Vivienda
FED_CONALEP_EO,Estatuto Orgánico del Colegio Nacional de Educación Profesional Técnica,2018-10-10,https://www.conalep.edu.mx/sites/default/files/2021-10/02-10102018-ESTATUTOORGANICONALEP-.pdf,Consulta 2026-09-29. Texto de la edición citada; cotejo de modificaciones posteriores pendiente. La fecha de consulta no sustituye la de vigencia.,Estructura federal / fundamento,Colegio Nacional de Educación Profesional Técnica
FED_INSUS_EO,Estatuto Orgánico del Instituto Nacional del Suelo Sustentable,2020-01-31,https://sidof.segob.gob.mx/notas/docFuente/5585350,Consulta 2026-09-29. Texto de la edición citada; cotejo de modificaciones posteriores pendiente. La fecha de consulta no sustituye la de vigencia.,Estructura federal / fundamento,Instituto Nacional del Suelo Sustentable
FED_CONAFOR_EO_AD,"Estatuto Orgánico de la Comisión Nacional Forestal, modificación 2025",2025-04-10,https://sidof.segob.gob.mx/notas/docFuente/5754614,Consulta 2026-09-29. Texto de la edición citada; cotejo de modificaciones posteriores pendiente. La fecha de consulta no sustituye la de vigencia.,Estructura federal / fundamento,Comisión Nacional Forestal
FED_CONAFE_EO,Estatuto Orgánico del Consejo Nacional de Fomento Educativo (2024),,https://dof.gob.mx/2024/CONAFE/Estatuto-Organico-CONAFE_2024.pdf,Consulta 2026-09-29. Texto de la edición citada; cotejo de modificaciones posteriores pendiente. La fecha de consulta no sustituye la de vigencia.,Estructura federal / fundamento,Consejo Nacional de Fomento Educativo
FED_PROFECO_EO,Estatuto Orgánico de la Procuraduría Federal del Consumidor,2020-01-30,https://sidof.segob.gob.mx/notas/docFuente/5585178,Consulta 2026-09-29. Edición 2020; modificaciones posteriores y órganos superiores a cotejar. La fecha de consulta no sustituye la de vigencia.,Estructura federal / fundamento,PROFECO
FED_CONDUSEF_EO,Estatuto Orgánico de la CONDUSEF,2025-06-13,https://sidof.segob.gob.mx/notas/docFuente/5760069,Consulta 2026-09-29. Estructura documental. La fecha de consulta no sustituye la de vigencia.,Estructura federal / fundamento,CONDUSEF
FED_SALUD_LIN,"Ley de los Institutos Nacionales de Salud, texto vigente",2022-05-11,https://www.diputados.gob.mx/LeyesBiblio/pdf/LINS.pdf,Consulta 2026-09-29. Estructura documental. La fecha de consulta no sustituye la de vigencia.,Estructura federal / fundamento,Institutos Nacionales de Salud
FED_CFCRL_LEY,Ley Orgánica del Centro Federal de Conciliación y Registro Laboral,2020-01-06,https://sidof.segob.gob.mx/notas/docFuente/5583502,Consulta 2026-09-29. Estructura documental. La fecha de consulta no sustituye la de vigencia.,Estructura federal / fundamento,CFCRL
FED_SNDIF_EO,Estatuto Orgánico del Sistema Nacional para el Desarrollo Integral de la Familia (2023),,https://dof.gob.mx/2023/DIF/EstatutoSNDIF.pdf,Consulta 2026-09-29. Edición 2023; cotejo de modificaciones posteriores pendiente. La fecha de consulta no sustituye la de vigencia.,Estructura federal / fundamento,SNDIF
FED_SESNA_MOG,Manual de Organización General de la Secretaría Ejecutiva del Sistema Nacional Anticorrupción (2025),,https://sidof.segob.gob.mx/notas/docFuente/5773842,Consulta 2026-09-29. Nombres explícitos del manual; adscripciones intermedias por cotejar. La fecha de consulta no sustituye la de vigencia.,Estructura federal / fundamento,SESNA
FED_JUD_LEY,"Ley Orgánica del Poder Judicial de la Federación, texto vigente",2025-11-28,https://www.diputados.gob.mx/LeyesBiblio/pdf/LOPJF.pdf,Consulta 2026-09-29. Estructura documental. La fecha de consulta no sustituye la de vigencia.,Estructura federal / fundamento,Poder Judicial de la Federación
FED_SCJN_AREAS,"SCJN: órganos y áreas, información actualizada a junio de 2026",2026-06-30,https://www.scjn.gob.mx/transparencia/consulta-informacion/organos-y-areas,Consulta 2026-09-29. Estructura documental. La fecha de consulta no sustituye la de vigencia.,Estructura federal / fundamento,SCJN
FED_SCJN_RO25,Reglamento Orgánico de la Suprema Corte de Justicia de la Nación,2025-12-10,https://www.scjn.gob.mx/conoce-la-corte/marconormativo/public/api/download?fileName=P3.+Reglamento+SCJN+08-12-2025.pdf,Consulta 2026-09-29. Reglamento 2025; cambios posteriores se contrastan con el catálogo institucional 2026. La fecha de consulta no sustituye la de vigencia.,Estructura federal / fundamento,SCJN
FED_SCJN_SGP,SCJN: estructura y facultades de la Secretaría General de la Presidencia,2026-06-30,https://www.scjn.gob.mx/transparencia/obligaciones-de-transparencia/organos-y-areas/estructura-facultades/280,Consulta 2026-09-29. Estructura documental. La fecha de consulta no sustituye la de vigencia.,Estructura federal / fundamento,SCJN
FED_SCJN_UA,Unidad de Administración de la SCJN: estructura y facultades en el OAJ,2026-06-30,https://www.scjn.gob.mx/transparencia/obligaciones-de-transparencia/organos-y-areas/estructura-facultades/732,Consulta 2026-09-29. Estructura documental. La fecha de consulta no sustituye la de vigencia.,Estructura federal / fundamento,Órgano de Administración Judicial
FED_SCJN_DGPSI_MO,"Manual de Organización Específico de la Dirección General de Planeación, Seguimiento e Innovación, septiembre 2026",2026-09,https://www.scjn.gob.mx/sites/default/files/estructura_organica/manual_organizacion/2026-09/MOE_DGPSI_SEPT-2026_VF.pdf,Consulta 2026-09-29. Estructura documental. La fecha de consulta no sustituye la de vigencia.,Estructura federal / fundamento,OAJ / Unidad de Administración de la SCJN
FED_TDJ_RI,Reglamento Interior del Tribunal de Disciplina Judicial,2026-07-10,https://sidof.segob.gob.mx/notas/docFuente/5793283,Consulta 2026-09-29. Estructura documental. La fecha de consulta no sustituye la de vigencia.,Estructura federal / fundamento,Tribunal de Disciplina Judicial
FED_OAJ_DIRECTORIO,"Directorio oficial de órganos jurisdiccionales del OAJ, consulta de los 32 circuitos",,https://www.oaj.gob.mx/DIrectorios/OrgJurisdiccionales.aspx,Consulta 2026-09-29. Directorio oficial; operación individual y cambios de adscripción por cotejar. La fecha de consulta no sustituye la de vigencia.,Estructura federal / fundamento,Órgano de Administración Judicial
FED_TEPJF_RI,"Reglamento Interno del Tribunal Electoral, compilación hasta junio de 2024",2024-06-21,https://www.te.gob.mx/legislacion/media/files/a9e60460b1f76d1.htm,Consulta 2026-09-29. Solo unidades compatibles con la LOPJF vigente; conciliación completa con la reforma judicial pendiente. La fecha de consulta no sustituye la de vigencia.,Estructura federal / fundamento,TEPJF
FED_INEGI_MOG,"Manual de Organización General del INEGI, actualización mayo de 2026",2026-05,https://sc.inegi.org.mx/repositorioNormateca/MOG2026.pdf,Consulta 2026-09-29. Estructura documental. La fecha de consulta no sustituye la de vigencia.,Estructura federal / fundamento,INEGI
FED_INEGI_RI20,"Reglamento Interior del INEGI, compilación noviembre de 2020",2020-11-25,https://sc.inegi.org.mx/repositorioNormateca/R_INEGI20.pdf,Consulta 2026-09-29. Usado solo para las sedes regionales; el organigrama superior se toma del manual 2026. La fecha de consulta no sustituye la de vigencia.,Estructura federal / fundamento,INEGI
FED_BANXICO_ORG,"Banco de México: organigrama institucional vigente, consulta 29-09-2026",,https://www.banxico.org.mx/organigrama/organigrama.jsp,"Consulta 2026-09-29. Jerarquía explícita del organigrama público, sin datos personales de titulares. La fecha de consulta no sustituye la de vigencia.",Estructura federal / fundamento,Banco de México
FED_CNDH_RI_EXTRACT,"Reglamento Interno de la CNDH, compilación hasta 10 de agosto de 2023",2023-08-10,https://hist.cndh.org.mx/sites/default/files/documentos/2019-04/Reglamento_CNDH.pdf,Consulta 2026-09-29. Artículos consultados en el documento oficial; reformas posteriores por cotejar. La fecha de consulta no sustituye la de vigencia.,Estructura federal / fundamento,CNDH
FED_CNDH_LEY,"Ley de la Comisión Nacional de los Derechos Humanos, texto vigente",,https://www.diputados.gob.mx/LeyesBiblio/pdf/LCNDH.pdf,Consulta 2026-09-29. Estructura documental. La fecha de consulta no sustituye la de vigencia.,Estructura federal / fundamento,CNDH
FED_INE_RI,"Reglamento Interior del Instituto Nacional Electoral, texto vigente septiembre de 2026",2026-09,https://sidj.ine.mx/restWSsidj-nc/app/doc/663/20/1,Consulta 2026-09-29. Estructura documental. La fecha de consulta no sustituye la de vigencia.,Estructura federal / fundamento,INE
FED_INE_LEY,"Ley General de Instituciones y Procedimientos Electorales, texto vigente",,https://www.diputados.gob.mx/LeyesBiblio/pdf/LGIPE.pdf,Consulta 2026-09-29. Estructura documental. La fecha de consulta no sustituye la de vigencia.,Estructura federal / fundamento,INE
FED_FGR_EO,Estatuto Orgánico de la Fiscalía General de la República,2023-06-19,https://sidof.segob.gob.mx/notas/docFuente/5692571,Consulta 2026-09-29. Estructura documental. La fecha de consulta no sustituye la de vigencia.,Estructura federal / fundamento,FGR
FED_FGR_MOD25,"Reforma al Estatuto Orgánico de la FGR, 8 de abril de 2025",2025-04-08,https://sidof.segob.gob.mx/notas/docFuente/5754335,Consulta 2026-09-29. Estructura documental. La fecha de consulta no sustituye la de vigencia.,Estructura federal / fundamento,FGR
FED_FGR_MOD26_CONTENT,"Reforma al Estatuto Orgánico de la FGR, 14 de abril de 2026",2026-04-14,https://sidof.segob.gob.mx/notas/docFuente/5784767,Consulta 2026-09-29. Estructura documental. La fecha de consulta no sustituye la de vigencia.,Estructura federal / fundamento,FGR
FED_TFJA_LEY,"Ley Orgánica del Tribunal Federal de Justicia Administrativa, texto vigente",,https://www.diputados.gob.mx/LeyesBiblio/pdf/LOTFJA.pdf,Consulta 2026-09-29. Estructura documental. La fecha de consulta no sustituye la de vigencia.,Estructura federal / fundamento,TFJA
FED_TFJA_ATR,TFJA: catálogo institucional de atribuciones de sus unidades,,https://www.tfja.gob.mx/tribunal/atribuciones/,Consulta 2026-09-29. Catálogo consultado; conciliación con las reformas reglamentarias de 2026 pendiente. La fecha de consulta no sustituye la de vigencia.,Estructura federal / fundamento,TFJA
FED_TSA_RI_PDF,Reglamento Interior de los Tribunales Agrarios,2024-06-28,https://dof.gob.mx/2024/TSA/Reglamento-Tribunalesagrarios4-06-2024.pdf,Consulta 2026-09-29. Documento de 2024; acuerdos de organización posteriores por cotejar. La fecha de consulta no sustituye la de vigencia.,Estructura federal / fundamento,Tribunales Agrarios
FED_TFCA_LEY,"Ley Federal de los Trabajadores al Servicio del Estado, texto vigente",2026-01-15,https://www.diputados.gob.mx/LeyesBiblio/pdf/LFTSE.pdf,Consulta 2026-09-29. Artículos 118 a 122 consultados en la compilación oficial; organigrama administrativo pendiente. La fecha de consulta no sustituye la de vigencia.,Estructura federal / fundamento,TFCA
FED_UNAM_LEY,Ley Orgánica de la Universidad Nacional Autónoma de México,1945-01-06,https://www.diputados.gob.mx/LeyesBiblio/pdf/158.pdf,Consulta 2026-09-29. Estructura documental. La fecha de consulta no sustituye la de vigencia.,Estructura federal / fundamento,UNAM
FED_CHAPINGO_LEY,Ley que crea la Universidad Autónoma Chapingo,2007-12-30,https://www.diputados.gob.mx/LeyesBiblio/pdf/195.pdf,Consulta 2026-09-29. Estructura documental. La fecha de consulta no sustituye la de vigencia.,Estructura federal / fundamento,Universidad Autónoma Chapingo
