numero_relacion_paraestatal,nombre,tipo,categoria_institucional,sector_coordinador,situacion_juridica,fuente_nombre,fuente_url,fuente_fecha,fecha_verificacion,id
1,Consejo Nacional para Prevenir la Discriminación,Organismo descentralizado sectorizado,Organismo descentralizado sectorizado,Secretaría de Gobernación,Activa,Relación de las Entidades Paraestatales de la Administración Pública Federal,https://dof.gob.mx/nota_detalle.php?codigo=5796062&fecha=12/08/2026,2026-08-12,2026-09-28,para-active-001
2,Talleres Gráficos de México,Organismo descentralizado sectorizado,Organismo descentralizado sectorizado,Secretaría de Gobernación,Activa,Relación de las Entidades Paraestatales de la Administración Pública Federal,https://dof.gob.mx/nota_detalle.php?codigo=5796062&fecha=12/08/2026,2026-08-12,2026-09-28,para-active-002
3,Instituto de Seguridad Social para las Fuerzas Armadas Mexicanas,Organismo descentralizado sectorizado,Organismo descentralizado sectorizado,Secretaría de la Defensa Nacional,Activa,Relación de las Entidades Paraestatales de la Administración Pública Federal,https://dof.gob.mx/nota_detalle.php?codigo=5796062&fecha=12/08/2026,2026-08-12,2026-09-28,para-active-003
4,Corredor Interoceánico del Istmo de Tehuantepec,Organismo descentralizado sectorizado,Organismo descentralizado sectorizado,Secretaría de Marina,Activa,Relación de las Entidades Paraestatales de la Administración Pública Federal,https://dof.gob.mx/nota_detalle.php?codigo=5796062&fecha=12/08/2026,2026-08-12,2026-09-28,para-active-004
5,Casa de Moneda de México,Organismo descentralizado sectorizado,Organismo descentralizado sectorizado,Secretaría de Hacienda y Crédito Público,Activa,Relación de las Entidades Paraestatales de la Administración Pública Federal,https://dof.gob.mx/nota_detalle.php?codigo=5796062&fecha=12/08/2026,2026-08-12,2026-09-28,para-active-005
6,Comisión Nacional para la Protección y Defensa de los Usuarios de Servicios Financieros,Organismo descentralizado sectorizado,Organismo descentralizado sectorizado,Secretaría de Hacienda y Crédito Público,Activa,Relación de las Entidades Paraestatales de la Administración Pública Federal,https://dof.gob.mx/nota_detalle.php?codigo=5796062&fecha=12/08/2026,2026-08-12,2026-09-28,para-active-006
7,Financiera para el Bienestar,Organismo descentralizado sectorizado,Organismo descentralizado sectorizado,Secretaría de Hacienda y Crédito Público,Activa,Relación de las Entidades Paraestatales de la Administración Pública Federal,https://dof.gob.mx/nota_detalle.php?codigo=5796062&fecha=12/08/2026,2026-08-12,2026-09-28,para-active-007
8,Instituto para Devolver al Pueblo lo Robado,Organismo descentralizado sectorizado,Organismo descentralizado sectorizado,Secretaría de Hacienda y Crédito Público,Activa,Relación de las Entidades Paraestatales de la Administración Pública Federal,https://dof.gob.mx/nota_detalle.php?codigo=5796062&fecha=12/08/2026,2026-08-12,2026-09-28,para-active-008
9,Instituto para el Desarrollo Técnico de las Haciendas Públicas,Organismo descentralizado sectorizado,Organismo descentralizado sectorizado,Secretaría de Hacienda y Crédito Público,Activa,Relación de las Entidades Paraestatales de la Administración Pública Federal,https://dof.gob.mx/nota_detalle.php?codigo=5796062&fecha=12/08/2026,2026-08-12,2026-09-28,para-active-009
10,Instituto para la Protección al Ahorro Bancario,Organismo descentralizado sectorizado,Organismo descentralizado sectorizado,Secretaría de Hacienda y Crédito Público,Activa,Relación de las Entidades Paraestatales de la Administración Pública Federal,https://dof.gob.mx/nota_detalle.php?codigo=5796062&fecha=12/08/2026,2026-08-12,2026-09-28,para-active-010
11,Lotería Nacional,Organismo descentralizado sectorizado,Organismo descentralizado sectorizado,Secretaría de Hacienda y Crédito Público,Activa,Relación de las Entidades Paraestatales de la Administración Pública Federal,https://dof.gob.mx/nota_detalle.php?codigo=5796062&fecha=12/08/2026,2026-08-12,2026-09-28,para-active-011
12,Consejo Nacional para el Desarrollo y la Inclusión de las Personas con Discapacidad,Organismo descentralizado sectorizado,Organismo descentralizado sectorizado,Secretaría de Bienestar,Activa,Relación de las Entidades Paraestatales de la Administración Pública Federal,https://dof.gob.mx/nota_detalle.php?codigo=5796062&fecha=12/08/2026,2026-08-12,2026-09-28,para-active-012
13,Instituto Nacional de las Personas Adultas Mayores,Organismo descentralizado sectorizado,Organismo descentralizado sectorizado,Secretaría de Bienestar,Activa,Relación de las Entidades Paraestatales de la Administración Pública Federal,https://dof.gob.mx/nota_detalle.php?codigo=5796062&fecha=12/08/2026,2026-08-12,2026-09-28,para-active-013
14,Comisión Nacional Forestal,Organismo descentralizado sectorizado,Organismo descentralizado sectorizado,Secretaría de Medio Ambiente y Recursos Naturales,Activa,Relación de las Entidades Paraestatales de la Administración Pública Federal,https://dof.gob.mx/nota_detalle.php?codigo=5796062&fecha=12/08/2026,2026-08-12,2026-09-28,para-active-014
15,Instituto Nacional de Ecología y Cambio Climático,Organismo descentralizado sectorizado,Organismo descentralizado sectorizado,Secretaría de Medio Ambiente y Recursos Naturales,Activa,Relación de las Entidades Paraestatales de la Administración Pública Federal,https://dof.gob.mx/nota_detalle.php?codigo=5796062&fecha=12/08/2026,2026-08-12,2026-09-28,para-active-015
16,Centro Nacional de Control de Energía,Organismo descentralizado sectorizado,Organismo descentralizado sectorizado,Secretaría de Energía,Activa,Relación de las Entidades Paraestatales de la Administración Pública Federal,https://dof.gob.mx/nota_detalle.php?codigo=5796062&fecha=12/08/2026,2026-08-12,2026-09-28,para-active-016
17,Centro Nacional de Control del Gas Natural,Organismo descentralizado sectorizado,Organismo descentralizado sectorizado,Secretaría de Energía,Activa,Relación de las Entidades Paraestatales de la Administración Pública Federal,https://dof.gob.mx/nota_detalle.php?codigo=5796062&fecha=12/08/2026,2026-08-12,2026-09-28,para-active-017
18,Instituto Nacional de Investigaciones Nucleares,Organismo descentralizado sectorizado,Organismo descentralizado sectorizado,Secretaría de Energía,Activa,Relación de las Entidades Paraestatales de la Administración Pública Federal,https://dof.gob.mx/nota_detalle.php?codigo=5796062&fecha=12/08/2026,2026-08-12,2026-09-28,para-active-018
19,Litio para México,Organismo descentralizado sectorizado,Organismo descentralizado sectorizado,Secretaría de Energía,Activa,Relación de las Entidades Paraestatales de la Administración Pública Federal,https://dof.gob.mx/nota_detalle.php?codigo=5796062&fecha=12/08/2026,2026-08-12,2026-09-28,para-active-019
20,Centro Nacional de Metrología,Organismo descentralizado sectorizado,Organismo descentralizado sectorizado,Secretaría de Economía,Activa,Relación de las Entidades Paraestatales de la Administración Pública Federal,https://dof.gob.mx/nota_detalle.php?codigo=5796062&fecha=12/08/2026,2026-08-12,2026-09-28,para-active-020
21,Comisión Nacional Antimonopolio,Organismo descentralizado sectorizado,Organismo descentralizado sectorizado,Secretaría de Economía,Activa,Relación de las Entidades Paraestatales de la Administración Pública Federal,https://dof.gob.mx/nota_detalle.php?codigo=5796062&fecha=12/08/2026,2026-08-12,2026-09-28,para-active-021
22,Instituto Mexicano de la Propiedad Industrial,Organismo descentralizado sectorizado,Organismo descentralizado sectorizado,Secretaría de Economía,Activa,Relación de las Entidades Paraestatales de la Administración Pública Federal,https://dof.gob.mx/nota_detalle.php?codigo=5796062&fecha=12/08/2026,2026-08-12,2026-09-28,para-active-022
23,Procuraduría Federal del Consumidor,Organismo descentralizado sectorizado,Organismo descentralizado sectorizado,Secretaría de Economía,Activa,Relación de las Entidades Paraestatales de la Administración Pública Federal,https://dof.gob.mx/nota_detalle.php?codigo=5796062&fecha=12/08/2026,2026-08-12,2026-09-28,para-active-023
24,Servicio Geológico Mexicano,Organismo descentralizado sectorizado,Organismo descentralizado sectorizado,Secretaría de Economía,Activa,Relación de las Entidades Paraestatales de la Administración Pública Federal,https://dof.gob.mx/nota_detalle.php?codigo=5796062&fecha=12/08/2026,2026-08-12,2026-09-28,para-active-024
25,Comité Nacional para el Desarrollo Sustentable de la Caña de Azúcar,Organismo descentralizado sectorizado,Organismo descentralizado sectorizado,Secretaría de Agricultura y Desarrollo Rural,Activa,Relación de las Entidades Paraestatales de la Administración Pública Federal,https://dof.gob.mx/nota_detalle.php?codigo=5796062&fecha=12/08/2026,2026-08-12,2026-09-28,para-active-025
26,Instituto Mexicano de Investigación en Pesca y Acuacultura Sustentables,Organismo descentralizado sectorizado,Organismo descentralizado sectorizado,Secretaría de Agricultura y Desarrollo Rural,Activa,Relación de las Entidades Paraestatales de la Administración Pública Federal,https://dof.gob.mx/nota_detalle.php?codigo=5796062&fecha=12/08/2026,2026-08-12,2026-09-28,para-active-026
27,"Productora de Semillas para el Bienestar ""PROSEBIEN""",Organismo descentralizado sectorizado,Organismo descentralizado sectorizado,Secretaría de Agricultura y Desarrollo Rural,Activa,Relación de las Entidades Paraestatales de la Administración Pública Federal,https://dof.gob.mx/nota_detalle.php?codigo=5796062&fecha=12/08/2026,2026-08-12,2026-09-28,para-active-027
28,Productora Nacional de Biológicos Veterinarios,Organismo descentralizado sectorizado,Organismo descentralizado sectorizado,Secretaría de Agricultura y Desarrollo Rural,Activa,Relación de las Entidades Paraestatales de la Administración Pública Federal,https://dof.gob.mx/nota_detalle.php?codigo=5796062&fecha=12/08/2026,2026-08-12,2026-09-28,para-active-028
29,Aeropuertos y Servicios Auxiliares,Organismo descentralizado sectorizado,Organismo descentralizado sectorizado,"Secretaría de Infraestructura, Comunicaciones y Transportes",Activa,Relación de las Entidades Paraestatales de la Administración Pública Federal,https://dof.gob.mx/nota_detalle.php?codigo=5796062&fecha=12/08/2026,2026-08-12,2026-09-28,para-active-029
30,Agencia de Trenes y Transporte Público Integrado,Organismo descentralizado sectorizado,Organismo descentralizado sectorizado,"Secretaría de Infraestructura, Comunicaciones y Transportes",Activa,Relación de las Entidades Paraestatales de la Administración Pública Federal,https://dof.gob.mx/nota_detalle.php?codigo=5796062&fecha=12/08/2026,2026-08-12,2026-09-28,para-active-030
31,Caminos y Puentes Federales de Ingresos y Servicios Conexos,Organismo descentralizado sectorizado,Organismo descentralizado sectorizado,"Secretaría de Infraestructura, Comunicaciones y Transportes",Activa,Relación de las Entidades Paraestatales de la Administración Pública Federal,https://dof.gob.mx/nota_detalle.php?codigo=5796062&fecha=12/08/2026,2026-08-12,2026-09-28,para-active-031
32,Organismo Promotor de Inversiones en Telecomunicaciones,Organismo descentralizado sectorizado,Organismo descentralizado sectorizado,"Secretaría de Infraestructura, Comunicaciones y Transportes",Activa,Relación de las Entidades Paraestatales de la Administración Pública Federal,https://dof.gob.mx/nota_detalle.php?codigo=5796062&fecha=12/08/2026,2026-08-12,2026-09-28,para-active-032
33,Centro de Enseñanza Técnica Industrial,Organismo descentralizado sectorizado,Organismo descentralizado sectorizado,Secretaría de Educación Pública,Activa,Relación de las Entidades Paraestatales de la Administración Pública Federal,https://dof.gob.mx/nota_detalle.php?codigo=5796062&fecha=12/08/2026,2026-08-12,2026-09-28,para-active-033
34,Centro de Investigación y de Estudios Avanzados del Instituto Politécnico Nacional,Organismo descentralizado sectorizado,Organismo descentralizado sectorizado,Secretaría de Educación Pública,Activa,Relación de las Entidades Paraestatales de la Administración Pública Federal,https://dof.gob.mx/nota_detalle.php?codigo=5796062&fecha=12/08/2026,2026-08-12,2026-09-28,para-active-034
35,Colegio de Bachilleres,Organismo descentralizado sectorizado,Organismo descentralizado sectorizado,Secretaría de Educación Pública,Activa,Relación de las Entidades Paraestatales de la Administración Pública Federal,https://dof.gob.mx/nota_detalle.php?codigo=5796062&fecha=12/08/2026,2026-08-12,2026-09-28,para-active-035
36,Colegio Nacional de Educación Profesional Técnica,Organismo descentralizado sectorizado,Organismo descentralizado sectorizado,Secretaría de Educación Pública,Activa,Relación de las Entidades Paraestatales de la Administración Pública Federal,https://dof.gob.mx/nota_detalle.php?codigo=5796062&fecha=12/08/2026,2026-08-12,2026-09-28,para-active-036
37,Comisión de Operación y Fomento de Actividades Académicas del Instituto Politécnico Nacional,Organismo descentralizado sectorizado,Organismo descentralizado sectorizado,Secretaría de Educación Pública,Activa,Relación de las Entidades Paraestatales de la Administración Pública Federal,https://dof.gob.mx/nota_detalle.php?codigo=5796062&fecha=12/08/2026,2026-08-12,2026-09-28,para-active-037
38,Comisión Nacional de Cultura Física y Deporte,Organismo descentralizado sectorizado,Organismo descentralizado sectorizado,Secretaría de Educación Pública,Activa,Relación de las Entidades Paraestatales de la Administración Pública Federal,https://dof.gob.mx/nota_detalle.php?codigo=5796062&fecha=12/08/2026,2026-08-12,2026-09-28,para-active-038
39,Comisión Nacional de Libros de Texto Gratuitos,Organismo descentralizado sectorizado,Organismo descentralizado sectorizado,Secretaría de Educación Pública,Activa,Relación de las Entidades Paraestatales de la Administración Pública Federal,https://dof.gob.mx/nota_detalle.php?codigo=5796062&fecha=12/08/2026,2026-08-12,2026-09-28,para-active-039
40,Consejo Nacional de Fomento Educativo,Organismo descentralizado sectorizado,Organismo descentralizado sectorizado,Secretaría de Educación Pública,Activa,Relación de las Entidades Paraestatales de la Administración Pública Federal,https://dof.gob.mx/nota_detalle.php?codigo=5796062&fecha=12/08/2026,2026-08-12,2026-09-28,para-active-040
41,Fondo de Cultura Económica,Organismo descentralizado sectorizado,Organismo descentralizado sectorizado,Secretaría de Educación Pública,Activa,Relación de las Entidades Paraestatales de la Administración Pública Federal,https://dof.gob.mx/nota_detalle.php?codigo=5796062&fecha=12/08/2026,2026-08-12,2026-09-28,para-active-041
42,Instituto Nacional para la Educación de los Adultos,Organismo descentralizado sectorizado,Organismo descentralizado sectorizado,Secretaría de Educación Pública,Activa,Relación de las Entidades Paraestatales de la Administración Pública Federal,https://dof.gob.mx/nota_detalle.php?codigo=5796062&fecha=12/08/2026,2026-08-12,2026-09-28,para-active-042
43,Organismo Coordinador de las Universidades para el Bienestar Benito Juárez García,Organismo descentralizado sectorizado,Organismo descentralizado sectorizado,Secretaría de Educación Pública,Activa,Relación de las Entidades Paraestatales de la Administración Pública Federal,https://dof.gob.mx/nota_detalle.php?codigo=5796062&fecha=12/08/2026,2026-08-12,2026-09-28,para-active-043
44,Patronato de Obras e Instalaciones del Instituto Politécnico Nacional,Organismo descentralizado sectorizado,Organismo descentralizado sectorizado,Secretaría de Educación Pública,Activa,Relación de las Entidades Paraestatales de la Administración Pública Federal,https://dof.gob.mx/nota_detalle.php?codigo=5796062&fecha=12/08/2026,2026-08-12,2026-09-28,para-active-044
45,"Universidad de las Lenguas Indígenas de México ""ULIM""",Organismo descentralizado sectorizado,Organismo descentralizado sectorizado,Secretaría de Educación Pública,Activa,Relación de las Entidades Paraestatales de la Administración Pública Federal,https://dof.gob.mx/nota_detalle.php?codigo=5796062&fecha=12/08/2026,2026-08-12,2026-09-28,para-active-045
46,Instituto Nacional de Estudios Históricos de las Revoluciones de México,Organismo descentralizado sectorizado,Organismo descentralizado sectorizado,"Secretaría de Ciencia, Humanidades, Tecnología e Innovación",Activa,Relación de las Entidades Paraestatales de la Administración Pública Federal,https://dof.gob.mx/nota_detalle.php?codigo=5796062&fecha=12/08/2026,2026-08-12,2026-09-28,para-active-046
47,Universidad Nacional Rosario Castellanos,Organismo descentralizado sectorizado,Organismo descentralizado sectorizado,"Secretaría de Ciencia, Humanidades, Tecnología e Innovación",Activa,Relación de las Entidades Paraestatales de la Administración Pública Federal,https://dof.gob.mx/nota_detalle.php?codigo=5796062&fecha=12/08/2026,2026-08-12,2026-09-28,para-active-047
48,"Hospital General de México ""Dr. Eduardo Liceaga""",Organismo descentralizado sectorizado,Organismo descentralizado sectorizado,Secretaría de Salud,Activa,Relación de las Entidades Paraestatales de la Administración Pública Federal,https://dof.gob.mx/nota_detalle.php?codigo=5796062&fecha=12/08/2026,2026-08-12,2026-09-28,para-active-048
49,"Hospital General ""Dr. Manuel Gea González""",Organismo descentralizado sectorizado,Organismo descentralizado sectorizado,Secretaría de Salud,Activa,Relación de las Entidades Paraestatales de la Administración Pública Federal,https://dof.gob.mx/nota_detalle.php?codigo=5796062&fecha=12/08/2026,2026-08-12,2026-09-28,para-active-049
50,Hospital Juárez de México,Organismo descentralizado sectorizado,Organismo descentralizado sectorizado,Secretaría de Salud,Activa,Relación de las Entidades Paraestatales de la Administración Pública Federal,https://dof.gob.mx/nota_detalle.php?codigo=5796062&fecha=12/08/2026,2026-08-12,2026-09-28,para-active-050
51,Sistema Nacional para el Desarrollo Integral de la Familia,Organismo descentralizado sectorizado,Organismo descentralizado sectorizado,Secretaría de Salud,Activa,Relación de las Entidades Paraestatales de la Administración Pública Federal,https://dof.gob.mx/nota_detalle.php?codigo=5796062&fecha=12/08/2026,2026-08-12,2026-09-28,para-active-051
52,Centro Federal de Conciliación y Registro Laboral,Organismo descentralizado sectorizado,Organismo descentralizado sectorizado,Secretaría del Trabajo y Previsión Social,Activa,Relación de las Entidades Paraestatales de la Administración Pública Federal,https://dof.gob.mx/nota_detalle.php?codigo=5796062&fecha=12/08/2026,2026-08-12,2026-09-28,para-active-052
53,Comisión Nacional de los Salarios Mínimos,Organismo descentralizado sectorizado,Organismo descentralizado sectorizado,Secretaría del Trabajo y Previsión Social,Activa,Relación de las Entidades Paraestatales de la Administración Pública Federal,https://dof.gob.mx/nota_detalle.php?codigo=5796062&fecha=12/08/2026,2026-08-12,2026-09-28,para-active-053
54,Instituto del Fondo Nacional para el Consumo de los Trabajadores,Organismo descentralizado sectorizado,Organismo descentralizado sectorizado,Secretaría del Trabajo y Previsión Social,Activa,Relación de las Entidades Paraestatales de la Administración Pública Federal,https://dof.gob.mx/nota_detalle.php?codigo=5796062&fecha=12/08/2026,2026-08-12,2026-09-28,para-active-054
55,Instituto Mexicano de la Juventud,Organismo descentralizado sectorizado,Organismo descentralizado sectorizado,Secretaría del Trabajo y Previsión Social,Activa,Relación de las Entidades Paraestatales de la Administración Pública Federal,https://dof.gob.mx/nota_detalle.php?codigo=5796062&fecha=12/08/2026,2026-08-12,2026-09-28,para-active-055
56,Comisión Nacional de Vivienda,Organismo descentralizado sectorizado,Organismo descentralizado sectorizado,"Secretaría de Desarrollo Agrario, Territorial y Urbano",Activa,Relación de las Entidades Paraestatales de la Administración Pública Federal,https://dof.gob.mx/nota_detalle.php?codigo=5796062&fecha=12/08/2026,2026-08-12,2026-09-28,para-active-056
57,Instituto Nacional del Suelo Sustentable,Organismo descentralizado sectorizado,Organismo descentralizado sectorizado,"Secretaría de Desarrollo Agrario, Territorial y Urbano",Activa,Relación de las Entidades Paraestatales de la Administración Pública Federal,https://dof.gob.mx/nota_detalle.php?codigo=5796062&fecha=12/08/2026,2026-08-12,2026-09-28,para-active-057
58,Procuraduría Agraria,Organismo descentralizado sectorizado,Organismo descentralizado sectorizado,"Secretaría de Desarrollo Agrario, Territorial y Urbano",Activa,Relación de las Entidades Paraestatales de la Administración Pública Federal,https://dof.gob.mx/nota_detalle.php?codigo=5796062&fecha=12/08/2026,2026-08-12,2026-09-28,para-active-058
59,Instituto Mexicano de Cinematografía,Organismo descentralizado sectorizado,Organismo descentralizado sectorizado,Secretaría de Cultura,Activa,Relación de las Entidades Paraestatales de la Administración Pública Federal,https://dof.gob.mx/nota_detalle.php?codigo=5796062&fecha=12/08/2026,2026-08-12,2026-09-28,para-active-059
60,Instituto Nacional de Lenguas Indígenas,Organismo descentralizado sectorizado,Organismo descentralizado sectorizado,Secretaría de Cultura,Activa,Relación de las Entidades Paraestatales de la Administración Pública Federal,https://dof.gob.mx/nota_detalle.php?codigo=5796062&fecha=12/08/2026,2026-08-12,2026-09-28,para-active-060
61,Agencia Espacial Mexicana,Organismo descentralizado sectorizado,Organismo descentralizado sectorizado,Agencia de Transformación Digital y Telecomunicaciones,Activa,Relación de las Entidades Paraestatales de la Administración Pública Federal,https://dof.gob.mx/nota_detalle.php?codigo=5796062&fecha=12/08/2026,2026-08-12,2026-09-28,para-active-061
62,Servicio Postal Mexicano,Organismo descentralizado sectorizado,Organismo descentralizado sectorizado,Agencia de Transformación Digital y Telecomunicaciones,Activa,Relación de las Entidades Paraestatales de la Administración Pública Federal,https://dof.gob.mx/nota_detalle.php?codigo=5796062&fecha=12/08/2026,2026-08-12,2026-09-28,para-active-062
63,Archivo General de la Nación,Organismo descentralizado no sectorizado,Organismo descentralizado no sectorizado,No sectorizada,Activa,Relación de las Entidades Paraestatales de la Administración Pública Federal,https://dof.gob.mx/nota_detalle.php?codigo=5796062&fecha=12/08/2026,2026-08-12,2026-09-28,para-active-063
64,Comisión Ejecutiva de Atención a Víctimas,Organismo descentralizado no sectorizado,Organismo descentralizado no sectorizado,No sectorizada,Activa,Relación de las Entidades Paraestatales de la Administración Pública Federal,https://dof.gob.mx/nota_detalle.php?codigo=5796062&fecha=12/08/2026,2026-08-12,2026-09-28,para-active-064
65,Comisión Nacional para la Mejora Continua de la Educación,Organismo descentralizado no sectorizado,Organismo descentralizado no sectorizado,No sectorizada,Activa,Relación de las Entidades Paraestatales de la Administración Pública Federal,https://dof.gob.mx/nota_detalle.php?codigo=5796062&fecha=12/08/2026,2026-08-12,2026-09-28,para-active-065
66,Instituto del Fondo Nacional de la Vivienda para los Trabajadores,Organismo descentralizado no sectorizado,Organismo descentralizado no sectorizado,No sectorizada,Activa,Relación de las Entidades Paraestatales de la Administración Pública Federal,https://dof.gob.mx/nota_detalle.php?codigo=5796062&fecha=12/08/2026,2026-08-12,2026-09-28,para-active-066
67,Instituto de Seguridad y Servicios Sociales de los Trabajadores del Estado,Organismo descentralizado no sectorizado,Organismo descentralizado no sectorizado,No sectorizada,Activa,Relación de las Entidades Paraestatales de la Administración Pública Federal,https://dof.gob.mx/nota_detalle.php?codigo=5796062&fecha=12/08/2026,2026-08-12,2026-09-28,para-active-067
68,Instituto Mexicano de la Radio,Organismo descentralizado no sectorizado,Organismo descentralizado no sectorizado,No sectorizada,Activa,Relación de las Entidades Paraestatales de la Administración Pública Federal,https://dof.gob.mx/nota_detalle.php?codigo=5796062&fecha=12/08/2026,2026-08-12,2026-09-28,para-active-068
69,Instituto Mexicano del Seguro Social,Organismo descentralizado no sectorizado,Organismo descentralizado no sectorizado,No sectorizada,Activa,Relación de las Entidades Paraestatales de la Administración Pública Federal,https://dof.gob.mx/nota_detalle.php?codigo=5796062&fecha=12/08/2026,2026-08-12,2026-09-28,para-active-069
70,Instituto Nacional de los Pueblos Indígenas,Organismo descentralizado no sectorizado,Organismo descentralizado no sectorizado,No sectorizada,Activa,Relación de las Entidades Paraestatales de la Administración Pública Federal,https://dof.gob.mx/nota_detalle.php?codigo=5796062&fecha=12/08/2026,2026-08-12,2026-09-28,para-active-070
71,Procuraduría de la Defensa del Contribuyente,Organismo descentralizado no sectorizado,Organismo descentralizado no sectorizado,No sectorizada,Activa,Relación de las Entidades Paraestatales de la Administración Pública Federal,https://dof.gob.mx/nota_detalle.php?codigo=5796062&fecha=12/08/2026,2026-08-12,2026-09-28,para-active-071
72,Secretaría Ejecutiva del Sistema Nacional Anticorrupción,Organismo descentralizado no sectorizado,Organismo descentralizado no sectorizado,No sectorizada,Activa,Relación de las Entidades Paraestatales de la Administración Pública Federal,https://dof.gob.mx/nota_detalle.php?codigo=5796062&fecha=12/08/2026,2026-08-12,2026-09-28,para-active-072
73,Servicios de Salud del Instituto Mexicano del Seguro Social para el Bienestar (IMSS-BIENESTAR),Organismo descentralizado no sectorizado,Organismo descentralizado no sectorizado,No sectorizada,Activa,Relación de las Entidades Paraestatales de la Administración Pública Federal,https://dof.gob.mx/nota_detalle.php?codigo=5796062&fecha=12/08/2026,2026-08-12,2026-09-28,para-active-073
74,Sistema Público de Radiodifusión del Estado Mexicano,Organismo descentralizado no sectorizado,Organismo descentralizado no sectorizado,No sectorizada,Activa,Relación de las Entidades Paraestatales de la Administración Pública Federal,https://dof.gob.mx/nota_detalle.php?codigo=5796062&fecha=12/08/2026,2026-08-12,2026-09-28,para-active-074
75,"Hospital Infantil de México ""Federico Gómez""",Organismo descentralizado considerado Instituto Nacional de Salud,Organismo descentralizado considerado Instituto Nacional de Salud,Secretaría de Salud,Activa,Relación de las Entidades Paraestatales de la Administración Pública Federal,https://dof.gob.mx/nota_detalle.php?codigo=5796062&fecha=12/08/2026,2026-08-12,2026-09-28,para-active-075
76,Instituto Nacional de Cancerología,Organismo descentralizado considerado Instituto Nacional de Salud,Organismo descentralizado considerado Instituto Nacional de Salud,Secretaría de Salud,Activa,Relación de las Entidades Paraestatales de la Administración Pública Federal,https://dof.gob.mx/nota_detalle.php?codigo=5796062&fecha=12/08/2026,2026-08-12,2026-09-28,para-active-076
77,"Instituto Nacional de Cardiología ""Ignacio Chávez""",Organismo descentralizado considerado Instituto Nacional de Salud,Organismo descentralizado considerado Instituto Nacional de Salud,Secretaría de Salud,Activa,Relación de las Entidades Paraestatales de la Administración Pública Federal,https://dof.gob.mx/nota_detalle.php?codigo=5796062&fecha=12/08/2026,2026-08-12,2026-09-28,para-active-077
78,"Instituto Nacional de Ciencias Médicas y Nutrición ""Salvador Zubirán""",Organismo descentralizado considerado Instituto Nacional de Salud,Organismo descentralizado considerado Instituto Nacional de Salud,Secretaría de Salud,Activa,Relación de las Entidades Paraestatales de la Administración Pública Federal,https://dof.gob.mx/nota_detalle.php?codigo=5796062&fecha=12/08/2026,2026-08-12,2026-09-28,para-active-078
79,"Instituto Nacional de Enfermedades Respiratorias ""Ismael Cosío Villegas""",Organismo descentralizado considerado Instituto Nacional de Salud,Organismo descentralizado considerado Instituto Nacional de Salud,Secretaría de Salud,Activa,Relación de las Entidades Paraestatales de la Administración Pública Federal,https://dof.gob.mx/nota_detalle.php?codigo=5796062&fecha=12/08/2026,2026-08-12,2026-09-28,para-active-079
80,Instituto Nacional de Geriatría,Organismo descentralizado considerado Instituto Nacional de Salud,Organismo descentralizado considerado Instituto Nacional de Salud,Secretaría de Salud,Activa,Relación de las Entidades Paraestatales de la Administración Pública Federal,https://dof.gob.mx/nota_detalle.php?codigo=5796062&fecha=12/08/2026,2026-08-12,2026-09-28,para-active-080
81,Instituto Nacional de Medicina Genómica,Organismo descentralizado considerado Instituto Nacional de Salud,Organismo descentralizado considerado Instituto Nacional de Salud,Secretaría de Salud,Activa,Relación de las Entidades Paraestatales de la Administración Pública Federal,https://dof.gob.mx/nota_detalle.php?codigo=5796062&fecha=12/08/2026,2026-08-12,2026-09-28,para-active-081
82,"Instituto Nacional de Neurología y Neurocirugía ""Manuel Velasco Suárez""",Organismo descentralizado considerado Instituto Nacional de Salud,Organismo descentralizado considerado Instituto Nacional de Salud,Secretaría de Salud,Activa,Relación de las Entidades Paraestatales de la Administración Pública Federal,https://dof.gob.mx/nota_detalle.php?codigo=5796062&fecha=12/08/2026,2026-08-12,2026-09-28,para-active-082
83,Instituto Nacional de Pediatría,Organismo descentralizado considerado Instituto Nacional de Salud,Organismo descentralizado considerado Instituto Nacional de Salud,Secretaría de Salud,Activa,Relación de las Entidades Paraestatales de la Administración Pública Federal,https://dof.gob.mx/nota_detalle.php?codigo=5796062&fecha=12/08/2026,2026-08-12,2026-09-28,para-active-083
84,"Instituto Nacional de Perinatología ""Isidro Espinosa de los Reyes""",Organismo descentralizado considerado Instituto Nacional de Salud,Organismo descentralizado considerado Instituto Nacional de Salud,Secretaría de Salud,Activa,Relación de las Entidades Paraestatales de la Administración Pública Federal,https://dof.gob.mx/nota_detalle.php?codigo=5796062&fecha=12/08/2026,2026-08-12,2026-09-28,para-active-084
85,"Instituto Nacional de Psiquiatría ""Ramón de la Fuente Muñiz""",Organismo descentralizado considerado Instituto Nacional de Salud,Organismo descentralizado considerado Instituto Nacional de Salud,Secretaría de Salud,Activa,Relación de las Entidades Paraestatales de la Administración Pública Federal,https://dof.gob.mx/nota_detalle.php?codigo=5796062&fecha=12/08/2026,2026-08-12,2026-09-28,para-active-085
86,"Instituto Nacional de Rehabilitación ""Luis Guillermo Ibarra Ibarra""",Organismo descentralizado considerado Instituto Nacional de Salud,Organismo descentralizado considerado Instituto Nacional de Salud,Secretaría de Salud,Activa,Relación de las Entidades Paraestatales de la Administración Pública Federal,https://dof.gob.mx/nota_detalle.php?codigo=5796062&fecha=12/08/2026,2026-08-12,2026-09-28,para-active-086
87,Instituto Nacional de Salud Pública,Organismo descentralizado considerado Instituto Nacional de Salud,Organismo descentralizado considerado Instituto Nacional de Salud,Secretaría de Salud,Activa,Relación de las Entidades Paraestatales de la Administración Pública Federal,https://dof.gob.mx/nota_detalle.php?codigo=5796062&fecha=12/08/2026,2026-08-12,2026-09-28,para-active-087
88,Instituto Mexicano de Tecnología del Agua,Organismo descentralizado considerado Centro Público de Investigación,Organismo descentralizado considerado Centro Público de Investigación,Secretaría de Medio Ambiente y Recursos Naturales,Activa,Relación de las Entidades Paraestatales de la Administración Pública Federal,https://dof.gob.mx/nota_detalle.php?codigo=5796062&fecha=12/08/2026,2026-08-12,2026-09-28,para-active-088
89,Instituto Mexicano del Petróleo,Organismo descentralizado considerado Centro Público de Investigación,Organismo descentralizado considerado Centro Público de Investigación,Secretaría de Energía,Activa,Relación de las Entidades Paraestatales de la Administración Pública Federal,https://dof.gob.mx/nota_detalle.php?codigo=5796062&fecha=12/08/2026,2026-08-12,2026-09-28,para-active-089
90,Instituto Nacional de Electricidad y Energías Limpias,Organismo descentralizado considerado Centro Público de Investigación,Organismo descentralizado considerado Centro Público de Investigación,Secretaría de Energía,Activa,Relación de las Entidades Paraestatales de la Administración Pública Federal,https://dof.gob.mx/nota_detalle.php?codigo=5796062&fecha=12/08/2026,2026-08-12,2026-09-28,para-active-090
91,Colegio de Postgraduados,Organismo descentralizado considerado Centro Público de Investigación,Organismo descentralizado considerado Centro Público de Investigación,Secretaría de Agricultura y Desarrollo Rural,Activa,Relación de las Entidades Paraestatales de la Administración Pública Federal,https://dof.gob.mx/nota_detalle.php?codigo=5796062&fecha=12/08/2026,2026-08-12,2026-09-28,para-active-091
92,"Instituto Nacional de Investigaciones Forestales, Agrícolas y Pecuarias",Organismo descentralizado considerado Centro Público de Investigación,Organismo descentralizado considerado Centro Público de Investigación,Secretaría de Agricultura y Desarrollo Rural,Activa,Relación de las Entidades Paraestatales de la Administración Pública Federal,https://dof.gob.mx/nota_detalle.php?codigo=5796062&fecha=12/08/2026,2026-08-12,2026-09-28,para-active-092
93,Centro de Ingeniería y Desarrollo Industrial,Organismo descentralizado considerado Centro Público de Investigación,Organismo descentralizado considerado Centro Público de Investigación,"Secretaría de Ciencia, Humanidades, Tecnología e Innovación",Activa,Relación de las Entidades Paraestatales de la Administración Pública Federal,https://dof.gob.mx/nota_detalle.php?codigo=5796062&fecha=12/08/2026,2026-08-12,2026-09-28,para-active-093
94,"Centro de Investigación Científica y de Educación Superior de Ensenada, Baja California",Organismo descentralizado considerado Centro Público de Investigación,Organismo descentralizado considerado Centro Público de Investigación,"Secretaría de Ciencia, Humanidades, Tecnología e Innovación",Activa,Relación de las Entidades Paraestatales de la Administración Pública Federal,https://dof.gob.mx/nota_detalle.php?codigo=5796062&fecha=12/08/2026,2026-08-12,2026-09-28,para-active-094
95,Centro de Investigación en Química Aplicada,Organismo descentralizado considerado Centro Público de Investigación,Organismo descentralizado considerado Centro Público de Investigación,"Secretaría de Ciencia, Humanidades, Tecnología e Innovación",Activa,Relación de las Entidades Paraestatales de la Administración Pública Federal,https://dof.gob.mx/nota_detalle.php?codigo=5796062&fecha=12/08/2026,2026-08-12,2026-09-28,para-active-095
96,Centro de Investigaciones y Estudios Superiores en Antropología Social,Organismo descentralizado considerado Centro Público de Investigación,Organismo descentralizado considerado Centro Público de Investigación,"Secretaría de Ciencia, Humanidades, Tecnología e Innovación",Activa,Relación de las Entidades Paraestatales de la Administración Pública Federal,https://dof.gob.mx/nota_detalle.php?codigo=5796062&fecha=12/08/2026,2026-08-12,2026-09-28,para-active-096
97,El Colegio de la Frontera Sur,Organismo descentralizado considerado Centro Público de Investigación,Organismo descentralizado considerado Centro Público de Investigación,"Secretaría de Ciencia, Humanidades, Tecnología e Innovación",Activa,Relación de las Entidades Paraestatales de la Administración Pública Federal,https://dof.gob.mx/nota_detalle.php?codigo=5796062&fecha=12/08/2026,2026-08-12,2026-09-28,para-active-097
98,"Instituto de Investigaciones ""Dr. José María Luis Mora""",Organismo descentralizado considerado Centro Público de Investigación,Organismo descentralizado considerado Centro Público de Investigación,"Secretaría de Ciencia, Humanidades, Tecnología e Innovación",Activa,Relación de las Entidades Paraestatales de la Administración Pública Federal,https://dof.gob.mx/nota_detalle.php?codigo=5796062&fecha=12/08/2026,2026-08-12,2026-09-28,para-active-098
99,"Instituto Nacional de Astrofísica, Óptica y Electrónica",Organismo descentralizado considerado Centro Público de Investigación,Organismo descentralizado considerado Centro Público de Investigación,"Secretaría de Ciencia, Humanidades, Tecnología e Innovación",Activa,Relación de las Entidades Paraestatales de la Administración Pública Federal,https://dof.gob.mx/nota_detalle.php?codigo=5796062&fecha=12/08/2026,2026-08-12,2026-09-28,para-active-099
100,"Aeropuerto Internacional Felipe Ángeles, S.A. de C.V.",Empresa de participación estatal mayoritaria,Empresa de participación estatal mayoritaria,Secretaría de la Defensa Nacional,Activa,Relación de las Entidades Paraestatales de la Administración Pública Federal,https://dof.gob.mx/nota_detalle.php?codigo=5796062&fecha=12/08/2026,2026-08-12,2026-09-28,para-active-100
101,"Grupo Aeroportuario, Ferroviario, de Servicios Auxiliares y Conexos, Olmeca-Maya-Mexica, S.A. de C.V.",Empresa de participación estatal mayoritaria,Empresa de participación estatal mayoritaria,Secretaría de la Defensa Nacional,Activa,Relación de las Entidades Paraestatales de la Administración Pública Federal,https://dof.gob.mx/nota_detalle.php?codigo=5796062&fecha=12/08/2026,2026-08-12,2026-09-28,para-active-101
102,"Tren Maya, S.A. de C.V.",Empresa de participación estatal mayoritaria,Empresa de participación estatal mayoritaria,Secretaría de la Defensa Nacional,Activa,Relación de las Entidades Paraestatales de la Administración Pública Federal,https://dof.gob.mx/nota_detalle.php?codigo=5796062&fecha=12/08/2026,2026-08-12,2026-09-28,para-active-102
103,"Administración del Sistema Portuario Nacional Acapulco, S.A. de C.V.",Empresa de participación estatal mayoritaria,Empresa de participación estatal mayoritaria,Secretaría de Marina,Activa,Relación de las Entidades Paraestatales de la Administración Pública Federal,https://dof.gob.mx/nota_detalle.php?codigo=5796062&fecha=12/08/2026,2026-08-12,2026-09-28,para-active-103
104,"Administración del Sistema Portuario Nacional Altamira, S.A. de C.V.",Empresa de participación estatal mayoritaria,Empresa de participación estatal mayoritaria,Secretaría de Marina,Activa,Relación de las Entidades Paraestatales de la Administración Pública Federal,https://dof.gob.mx/nota_detalle.php?codigo=5796062&fecha=12/08/2026,2026-08-12,2026-09-28,para-active-104
105,"Administración del Sistema Portuario Nacional Cabo San Lucas, S.A. de C.V.",Empresa de participación estatal mayoritaria,Empresa de participación estatal mayoritaria,Secretaría de Marina,Activa,Relación de las Entidades Paraestatales de la Administración Pública Federal,https://dof.gob.mx/nota_detalle.php?codigo=5796062&fecha=12/08/2026,2026-08-12,2026-09-28,para-active-105
106,"Administración del Sistema Portuario Nacional Coatzacoalcos, S.A. de C.V.",Empresa de participación estatal mayoritaria,Empresa de participación estatal mayoritaria,Secretaría de Marina,Activa,Relación de las Entidades Paraestatales de la Administración Pública Federal,https://dof.gob.mx/nota_detalle.php?codigo=5796062&fecha=12/08/2026,2026-08-12,2026-09-28,para-active-106
107,"Administración del Sistema Portuario Nacional Dos Bocas, S.A. de C.V.",Empresa de participación estatal mayoritaria,Empresa de participación estatal mayoritaria,Secretaría de Marina,Activa,Relación de las Entidades Paraestatales de la Administración Pública Federal,https://dof.gob.mx/nota_detalle.php?codigo=5796062&fecha=12/08/2026,2026-08-12,2026-09-28,para-active-107
108,"Administración del Sistema Portuario Nacional Ensenada, S.A. de C.V.",Empresa de participación estatal mayoritaria,Empresa de participación estatal mayoritaria,Secretaría de Marina,Activa,Relación de las Entidades Paraestatales de la Administración Pública Federal,https://dof.gob.mx/nota_detalle.php?codigo=5796062&fecha=12/08/2026,2026-08-12,2026-09-28,para-active-108
109,"Administración del Sistema Portuario Nacional Guaymas, S.A. de C.V.",Empresa de participación estatal mayoritaria,Empresa de participación estatal mayoritaria,Secretaría de Marina,Activa,Relación de las Entidades Paraestatales de la Administración Pública Federal,https://dof.gob.mx/nota_detalle.php?codigo=5796062&fecha=12/08/2026,2026-08-12,2026-09-28,para-active-109
110,"Administración del Sistema Portuario Nacional Lázaro Cárdenas, S.A. de C.V.",Empresa de participación estatal mayoritaria,Empresa de participación estatal mayoritaria,Secretaría de Marina,Activa,Relación de las Entidades Paraestatales de la Administración Pública Federal,https://dof.gob.mx/nota_detalle.php?codigo=5796062&fecha=12/08/2026,2026-08-12,2026-09-28,para-active-110
111,"Administración del Sistema Portuario Nacional Manzanillo, S.A. de C.V.",Empresa de participación estatal mayoritaria,Empresa de participación estatal mayoritaria,Secretaría de Marina,Activa,Relación de las Entidades Paraestatales de la Administración Pública Federal,https://dof.gob.mx/nota_detalle.php?codigo=5796062&fecha=12/08/2026,2026-08-12,2026-09-28,para-active-111
112,"Administración del Sistema Portuario Nacional Mazatlán, S.A. de C.V.",Empresa de participación estatal mayoritaria,Empresa de participación estatal mayoritaria,Secretaría de Marina,Activa,Relación de las Entidades Paraestatales de la Administración Pública Federal,https://dof.gob.mx/nota_detalle.php?codigo=5796062&fecha=12/08/2026,2026-08-12,2026-09-28,para-active-112
113,"Administración del Sistema Portuario Nacional Progreso, S.A. de C.V.",Empresa de participación estatal mayoritaria,Empresa de participación estatal mayoritaria,Secretaría de Marina,Activa,Relación de las Entidades Paraestatales de la Administración Pública Federal,https://dof.gob.mx/nota_detalle.php?codigo=5796062&fecha=12/08/2026,2026-08-12,2026-09-28,para-active-113
114,"Administración del Sistema Portuario Nacional Puerto Chiapas, S.A. de C.V.",Empresa de participación estatal mayoritaria,Empresa de participación estatal mayoritaria,Secretaría de Marina,Activa,Relación de las Entidades Paraestatales de la Administración Pública Federal,https://dof.gob.mx/nota_detalle.php?codigo=5796062&fecha=12/08/2026,2026-08-12,2026-09-28,para-active-114
115,"Administración del Sistema Portuario Nacional Puerto Vallarta, S.A. de C.V.",Empresa de participación estatal mayoritaria,Empresa de participación estatal mayoritaria,Secretaría de Marina,Activa,Relación de las Entidades Paraestatales de la Administración Pública Federal,https://dof.gob.mx/nota_detalle.php?codigo=5796062&fecha=12/08/2026,2026-08-12,2026-09-28,para-active-115
116,"Administración del Sistema Portuario Nacional Salina Cruz, S.A. de C.V.",Empresa de participación estatal mayoritaria,Empresa de participación estatal mayoritaria,Secretaría de Marina,Activa,Relación de las Entidades Paraestatales de la Administración Pública Federal,https://dof.gob.mx/nota_detalle.php?codigo=5796062&fecha=12/08/2026,2026-08-12,2026-09-28,para-active-116
117,"Administración del Sistema Portuario Nacional Tampico, S.A. de C.V.",Empresa de participación estatal mayoritaria,Empresa de participación estatal mayoritaria,Secretaría de Marina,Activa,Relación de las Entidades Paraestatales de la Administración Pública Federal,https://dof.gob.mx/nota_detalle.php?codigo=5796062&fecha=12/08/2026,2026-08-12,2026-09-28,para-active-117
118,"Administración del Sistema Portuario Nacional Topolobampo, S.A. de C.V.",Empresa de participación estatal mayoritaria,Empresa de participación estatal mayoritaria,Secretaría de Marina,Activa,Relación de las Entidades Paraestatales de la Administración Pública Federal,https://dof.gob.mx/nota_detalle.php?codigo=5796062&fecha=12/08/2026,2026-08-12,2026-09-28,para-active-118
119,"Administración del Sistema Portuario Nacional Tuxpan, S.A. de C.V.",Empresa de participación estatal mayoritaria,Empresa de participación estatal mayoritaria,Secretaría de Marina,Activa,Relación de las Entidades Paraestatales de la Administración Pública Federal,https://dof.gob.mx/nota_detalle.php?codigo=5796062&fecha=12/08/2026,2026-08-12,2026-09-28,para-active-119
120,"Administración del Sistema Portuario Nacional Veracruz, S.A. de C.V.",Empresa de participación estatal mayoritaria,Empresa de participación estatal mayoritaria,Secretaría de Marina,Activa,Relación de las Entidades Paraestatales de la Administración Pública Federal,https://dof.gob.mx/nota_detalle.php?codigo=5796062&fecha=12/08/2026,2026-08-12,2026-09-28,para-active-120
121,"Aeropuerto Internacional de la Ciudad de México, S.A. de C.V.",Empresa de participación estatal mayoritaria,Empresa de participación estatal mayoritaria,Secretaría de Marina,Activa,Relación de las Entidades Paraestatales de la Administración Pública Federal,https://dof.gob.mx/nota_detalle.php?codigo=5796062&fecha=12/08/2026,2026-08-12,2026-09-28,para-active-121
122,"Ferrocarril del Istmo de Tehuantepec, S.A. de C.V.",Empresa de participación estatal mayoritaria,Empresa de participación estatal mayoritaria,Secretaría de Marina,Activa,Relación de las Entidades Paraestatales de la Administración Pública Federal,https://dof.gob.mx/nota_detalle.php?codigo=5796062&fecha=12/08/2026,2026-08-12,2026-09-28,para-active-122
123,"Turística Integral Islas Marías, S.A. de C.V.",Empresa de participación estatal mayoritaria,Empresa de participación estatal mayoritaria,Secretaría de Marina,Activa,Relación de las Entidades Paraestatales de la Administración Pública Federal,https://dof.gob.mx/nota_detalle.php?codigo=5796062&fecha=12/08/2026,2026-08-12,2026-09-28,para-active-123
124,"Exportadora de Sal, S.A. de C.V.",Empresa de participación estatal mayoritaria,Empresa de participación estatal mayoritaria,Secretaría de Economía,Activa,Relación de las Entidades Paraestatales de la Administración Pública Federal,https://dof.gob.mx/nota_detalle.php?codigo=5796062&fecha=12/08/2026,2026-08-12,2026-09-28,para-active-124
125,"Alimentación para el Bienestar, S.A. de C.V.",Empresa de participación estatal mayoritaria,Empresa de participación estatal mayoritaria,Secretaría de Agricultura y Desarrollo Rural,Activa,Relación de las Entidades Paraestatales de la Administración Pública Federal,https://dof.gob.mx/nota_detalle.php?codigo=5796062&fecha=12/08/2026,2026-08-12,2026-09-28,para-active-125
126,"Leche para el Bienestar, S.A. de C.V.",Empresa de participación estatal mayoritaria,Empresa de participación estatal mayoritaria,Secretaría de Agricultura y Desarrollo Rural,Activa,Relación de las Entidades Paraestatales de la Administración Pública Federal,https://dof.gob.mx/nota_detalle.php?codigo=5796062&fecha=12/08/2026,2026-08-12,2026-09-28,para-active-126
127,"Grupo Aeroportuario Turístico Mexicano, S.A. de C.V.",Empresa de participación estatal mayoritaria,Empresa de participación estatal mayoritaria,"Secretaría de Infraestructura, Comunicaciones y Transportes",Activa,Relación de las Entidades Paraestatales de la Administración Pública Federal,https://dof.gob.mx/nota_detalle.php?codigo=5796062&fecha=12/08/2026,2026-08-12,2026-09-28,para-active-127
128,"Educal, S.A. de C.V.",Empresa de participación estatal mayoritaria,Empresa de participación estatal mayoritaria,Secretaría de Educación Pública,Activa,Relación de las Entidades Paraestatales de la Administración Pública Federal,https://dof.gob.mx/nota_detalle.php?codigo=5796062&fecha=12/08/2026,2026-08-12,2026-09-28,para-active-128
129,"Impresora y Encuadernadora Progreso, S.A. de C.V.",Empresa de participación estatal mayoritaria,Empresa de participación estatal mayoritaria,Secretaría de Educación Pública,Activa,Relación de las Entidades Paraestatales de la Administración Pública Federal,https://dof.gob.mx/nota_detalle.php?codigo=5796062&fecha=12/08/2026,2026-08-12,2026-09-28,para-active-129
130,"Centros de Integración Juvenil, A.C.",Empresa de participación estatal mayoritaria,Empresa de participación estatal mayoritaria,Secretaría de Salud,Activa,Relación de las Entidades Paraestatales de la Administración Pública Federal,https://dof.gob.mx/nota_detalle.php?codigo=5796062&fecha=12/08/2026,2026-08-12,2026-09-28,para-active-130
131,"Laboratorios de Biológicos y Reactivos de México, S.A. de C.V.",Empresa de participación estatal mayoritaria,Empresa de participación estatal mayoritaria,Secretaría de Salud,Activa,Relación de las Entidades Paraestatales de la Administración Pública Federal,https://dof.gob.mx/nota_detalle.php?codigo=5796062&fecha=12/08/2026,2026-08-12,2026-09-28,para-active-131
132,"Centro de Capacitación Cinematográfica, A.C.",Empresa de participación estatal mayoritaria,Empresa de participación estatal mayoritaria,Secretaría de Cultura,Activa,Relación de las Entidades Paraestatales de la Administración Pública Federal,https://dof.gob.mx/nota_detalle.php?codigo=5796062&fecha=12/08/2026,2026-08-12,2026-09-28,para-active-132
133,"Compañía Operadora del Centro Cultural y Turístico de Tijuana, S.A. de C.V.",Empresa de participación estatal mayoritaria,Empresa de participación estatal mayoritaria,Secretaría de Cultura,Activa,Relación de las Entidades Paraestatales de la Administración Pública Federal,https://dof.gob.mx/nota_detalle.php?codigo=5796062&fecha=12/08/2026,2026-08-12,2026-09-28,para-active-133
134,"Estudios Churubusco Azteca, S.A.",Empresa de participación estatal mayoritaria,Empresa de participación estatal mayoritaria,Secretaría de Cultura,Activa,Relación de las Entidades Paraestatales de la Administración Pública Federal,https://dof.gob.mx/nota_detalle.php?codigo=5796062&fecha=12/08/2026,2026-08-12,2026-09-28,para-active-134
135,"Televisión Metropolitana, S.A. de C.V.",Empresa de participación estatal mayoritaria,Empresa de participación estatal mayoritaria,Secretaría de Cultura,Activa,Relación de las Entidades Paraestatales de la Administración Pública Federal,https://dof.gob.mx/nota_detalle.php?codigo=5796062&fecha=12/08/2026,2026-08-12,2026-09-28,para-active-135
136,"FONATUR Constructora, S.A. de C.V.",Empresa de participación estatal mayoritaria,Empresa de participación estatal mayoritaria,Secretaría de Turismo,Activa,Relación de las Entidades Paraestatales de la Administración Pública Federal,https://dof.gob.mx/nota_detalle.php?codigo=5796062&fecha=12/08/2026,2026-08-12,2026-09-28,para-active-136
137,"FONATUR Infraestructura, S.A. de C.V.",Empresa de participación estatal mayoritaria,Empresa de participación estatal mayoritaria,Secretaría de Turismo,Activa,Relación de las Entidades Paraestatales de la Administración Pública Federal,https://dof.gob.mx/nota_detalle.php?codigo=5796062&fecha=12/08/2026,2026-08-12,2026-09-28,para-active-137
138,"Banco del Bienestar, S.N.C.",Institución de banca de desarrollo,Institución de banca de desarrollo,Secretaría de Hacienda y Crédito Público,Activa,Relación de las Entidades Paraestatales de la Administración Pública Federal,https://dof.gob.mx/nota_detalle.php?codigo=5796062&fecha=12/08/2026,2026-08-12,2026-09-28,para-active-138
139,"Banco Nacional de Comercio Exterior, S.N.C.",Institución de banca de desarrollo,Institución de banca de desarrollo,Secretaría de Hacienda y Crédito Público,Activa,Relación de las Entidades Paraestatales de la Administración Pública Federal,https://dof.gob.mx/nota_detalle.php?codigo=5796062&fecha=12/08/2026,2026-08-12,2026-09-28,para-active-139
140,"Banco Nacional de Obras y Servicios Públicos, S.N.C.",Institución de banca de desarrollo,Institución de banca de desarrollo,Secretaría de Hacienda y Crédito Público,Activa,Relación de las Entidades Paraestatales de la Administración Pública Federal,https://dof.gob.mx/nota_detalle.php?codigo=5796062&fecha=12/08/2026,2026-08-12,2026-09-28,para-active-140
141,"Banco Nacional del Ejército, Fuerza Aérea y Armada, S.N.C.",Institución de banca de desarrollo,Institución de banca de desarrollo,Secretaría de Hacienda y Crédito Público,Activa,Relación de las Entidades Paraestatales de la Administración Pública Federal,https://dof.gob.mx/nota_detalle.php?codigo=5796062&fecha=12/08/2026,2026-08-12,2026-09-28,para-active-141
142,"Nacional Financiera, S.N.C.",Institución de banca de desarrollo,Institución de banca de desarrollo,Secretaría de Hacienda y Crédito Público,Activa,Relación de las Entidades Paraestatales de la Administración Pública Federal,https://dof.gob.mx/nota_detalle.php?codigo=5796062&fecha=12/08/2026,2026-08-12,2026-09-28,para-active-142
143,"Sociedad Hipotecaria Federal, S.N.C.",Institución de banca de desarrollo,Institución de banca de desarrollo,Secretaría de Hacienda y Crédito Público,Activa,Relación de las Entidades Paraestatales de la Administración Pública Federal,https://dof.gob.mx/nota_detalle.php?codigo=5796062&fecha=12/08/2026,2026-08-12,2026-09-28,para-active-143
144,"AGROASEMEX, S.A.",Institución nacional de seguros,Institución nacional de seguros,Secretaría de Hacienda y Crédito Público,Activa,Relación de las Entidades Paraestatales de la Administración Pública Federal,https://dof.gob.mx/nota_detalle.php?codigo=5796062&fecha=12/08/2026,2026-08-12,2026-09-28,para-active-144
145,"Seguros de Crédito a la Vivienda SHF, S.A. de C.V.",Institución nacional de seguros,Institución nacional de seguros,Secretaría de Hacienda y Crédito Público,Activa,Relación de las Entidades Paraestatales de la Administración Pública Federal,https://dof.gob.mx/nota_detalle.php?codigo=5796062&fecha=12/08/2026,2026-08-12,2026-09-28,para-active-145
146,"Centro de Investigación Científica de Yucatán, A.C.",Empresa de participación estatal mayoritaria considerada Centro Público de Investigación,Empresa de participación estatal mayoritaria considerada Centro Público de Investigación,"Secretaría de Ciencia, Humanidades, Tecnología e Innovación",Activa,Relación de las Entidades Paraestatales de la Administración Pública Federal,https://dof.gob.mx/nota_detalle.php?codigo=5796062&fecha=12/08/2026,2026-08-12,2026-09-28,para-active-146
147,"Centro de Investigación en Alimentación y Desarrollo, A.C.",Empresa de participación estatal mayoritaria considerada Centro Público de Investigación,Empresa de participación estatal mayoritaria considerada Centro Público de Investigación,"Secretaría de Ciencia, Humanidades, Tecnología e Innovación",Activa,Relación de las Entidades Paraestatales de la Administración Pública Federal,https://dof.gob.mx/nota_detalle.php?codigo=5796062&fecha=12/08/2026,2026-08-12,2026-09-28,para-active-147
148,"Centro de Investigación en Ciencias de Información Geoespacial, A.C.",Empresa de participación estatal mayoritaria considerada Centro Público de Investigación,Empresa de participación estatal mayoritaria considerada Centro Público de Investigación,"Secretaría de Ciencia, Humanidades, Tecnología e Innovación",Activa,Relación de las Entidades Paraestatales de la Administración Pública Federal,https://dof.gob.mx/nota_detalle.php?codigo=5796062&fecha=12/08/2026,2026-08-12,2026-09-28,para-active-148
149,"Centro de Investigación en Matemáticas, A.C.",Empresa de participación estatal mayoritaria considerada Centro Público de Investigación,Empresa de participación estatal mayoritaria considerada Centro Público de Investigación,"Secretaría de Ciencia, Humanidades, Tecnología e Innovación",Activa,Relación de las Entidades Paraestatales de la Administración Pública Federal,https://dof.gob.mx/nota_detalle.php?codigo=5796062&fecha=12/08/2026,2026-08-12,2026-09-28,para-active-149
150,"Centro de Investigación en Materiales Avanzados, S.C.",Empresa de participación estatal mayoritaria considerada Centro Público de Investigación,Empresa de participación estatal mayoritaria considerada Centro Público de Investigación,"Secretaría de Ciencia, Humanidades, Tecnología e Innovación",Activa,Relación de las Entidades Paraestatales de la Administración Pública Federal,https://dof.gob.mx/nota_detalle.php?codigo=5796062&fecha=12/08/2026,2026-08-12,2026-09-28,para-active-150
151,"Centro de Investigación y Asistencia en Tecnología y Diseño del Estado de Jalisco, A.C.",Empresa de participación estatal mayoritaria considerada Centro Público de Investigación,Empresa de participación estatal mayoritaria considerada Centro Público de Investigación,"Secretaría de Ciencia, Humanidades, Tecnología e Innovación",Activa,Relación de las Entidades Paraestatales de la Administración Pública Federal,https://dof.gob.mx/nota_detalle.php?codigo=5796062&fecha=12/08/2026,2026-08-12,2026-09-28,para-active-151
152,"Centro de Investigación y Desarrollo Tecnológico en Electroquímica, S.C.",Empresa de participación estatal mayoritaria considerada Centro Público de Investigación,Empresa de participación estatal mayoritaria considerada Centro Público de Investigación,"Secretaría de Ciencia, Humanidades, Tecnología e Innovación",Activa,Relación de las Entidades Paraestatales de la Administración Pública Federal,https://dof.gob.mx/nota_detalle.php?codigo=5796062&fecha=12/08/2026,2026-08-12,2026-09-28,para-active-152
153,"Centro de Investigación y Docencia Económicas, A.C.",Empresa de participación estatal mayoritaria considerada Centro Público de Investigación,Empresa de participación estatal mayoritaria considerada Centro Público de Investigación,"Secretaría de Ciencia, Humanidades, Tecnología e Innovación",Activa,Relación de las Entidades Paraestatales de la Administración Pública Federal,https://dof.gob.mx/nota_detalle.php?codigo=5796062&fecha=12/08/2026,2026-08-12,2026-09-28,para-active-153
154,"Centro de Investigaciones Biológicas del Noroeste, S.C.",Empresa de participación estatal mayoritaria considerada Centro Público de Investigación,Empresa de participación estatal mayoritaria considerada Centro Público de Investigación,"Secretaría de Ciencia, Humanidades, Tecnología e Innovación",Activa,Relación de las Entidades Paraestatales de la Administración Pública Federal,https://dof.gob.mx/nota_detalle.php?codigo=5796062&fecha=12/08/2026,2026-08-12,2026-09-28,para-active-154
155,"Centro de Investigaciones en Óptica, A.C.",Empresa de participación estatal mayoritaria considerada Centro Público de Investigación,Empresa de participación estatal mayoritaria considerada Centro Público de Investigación,"Secretaría de Ciencia, Humanidades, Tecnología e Innovación",Activa,Relación de las Entidades Paraestatales de la Administración Pública Federal,https://dof.gob.mx/nota_detalle.php?codigo=5796062&fecha=12/08/2026,2026-08-12,2026-09-28,para-active-155
156,"CIATEC, A.C. ""Centro de Innovación Aplicada en Tecnologías Competitivas""",Empresa de participación estatal mayoritaria considerada Centro Público de Investigación,Empresa de participación estatal mayoritaria considerada Centro Público de Investigación,"Secretaría de Ciencia, Humanidades, Tecnología e Innovación",Activa,Relación de las Entidades Paraestatales de la Administración Pública Federal,https://dof.gob.mx/nota_detalle.php?codigo=5796062&fecha=12/08/2026,2026-08-12,2026-09-28,para-active-156
157,"CIATEQ, A.C. ""Centro de Tecnología Avanzada""",Empresa de participación estatal mayoritaria considerada Centro Público de Investigación,Empresa de participación estatal mayoritaria considerada Centro Público de Investigación,"Secretaría de Ciencia, Humanidades, Tecnología e Innovación",Activa,Relación de las Entidades Paraestatales de la Administración Pública Federal,https://dof.gob.mx/nota_detalle.php?codigo=5796062&fecha=12/08/2026,2026-08-12,2026-09-28,para-active-157
158,"El Colegio de la Frontera Norte, A.C.",Empresa de participación estatal mayoritaria considerada Centro Público de Investigación,Empresa de participación estatal mayoritaria considerada Centro Público de Investigación,"Secretaría de Ciencia, Humanidades, Tecnología e Innovación",Activa,Relación de las Entidades Paraestatales de la Administración Pública Federal,https://dof.gob.mx/nota_detalle.php?codigo=5796062&fecha=12/08/2026,2026-08-12,2026-09-28,para-active-158
159,"El Colegio de Michoacán, A.C.",Empresa de participación estatal mayoritaria considerada Centro Público de Investigación,Empresa de participación estatal mayoritaria considerada Centro Público de Investigación,"Secretaría de Ciencia, Humanidades, Tecnología e Innovación",Activa,Relación de las Entidades Paraestatales de la Administración Pública Federal,https://dof.gob.mx/nota_detalle.php?codigo=5796062&fecha=12/08/2026,2026-08-12,2026-09-28,para-active-159
160,"El Colegio de San Luis, A.C.",Empresa de participación estatal mayoritaria considerada Centro Público de Investigación,Empresa de participación estatal mayoritaria considerada Centro Público de Investigación,"Secretaría de Ciencia, Humanidades, Tecnología e Innovación",Activa,Relación de las Entidades Paraestatales de la Administración Pública Federal,https://dof.gob.mx/nota_detalle.php?codigo=5796062&fecha=12/08/2026,2026-08-12,2026-09-28,para-active-160
161,"InnovaBienestar de México, S.A.P.I. de C.V.",Empresa de participación estatal mayoritaria considerada Centro Público de Investigación,Empresa de participación estatal mayoritaria considerada Centro Público de Investigación,"Secretaría de Ciencia, Humanidades, Tecnología e Innovación",Activa,Relación de las Entidades Paraestatales de la Administración Pública Federal,https://dof.gob.mx/nota_detalle.php?codigo=5796062&fecha=12/08/2026,2026-08-12,2026-09-28,para-active-161
162,"Instituto de Ecología, A.C.",Empresa de participación estatal mayoritaria considerada Centro Público de Investigación,Empresa de participación estatal mayoritaria considerada Centro Público de Investigación,"Secretaría de Ciencia, Humanidades, Tecnología e Innovación",Activa,Relación de las Entidades Paraestatales de la Administración Pública Federal,https://dof.gob.mx/nota_detalle.php?codigo=5796062&fecha=12/08/2026,2026-08-12,2026-09-28,para-active-162
163,"Instituto Potosino de Investigación Científica y Tecnológica, A.C.",Empresa de participación estatal mayoritaria considerada Centro Público de Investigación,Empresa de participación estatal mayoritaria considerada Centro Público de Investigación,"Secretaría de Ciencia, Humanidades, Tecnología e Innovación",Activa,Relación de las Entidades Paraestatales de la Administración Pública Federal,https://dof.gob.mx/nota_detalle.php?codigo=5796062&fecha=12/08/2026,2026-08-12,2026-09-28,para-active-163
164,Fideicomiso Universidad Marítima y Portuaria de México,Fideicomiso público,Fideicomiso público,Secretaría de Marina,Activa,Relación de las Entidades Paraestatales de la Administración Pública Federal,https://dof.gob.mx/nota_detalle.php?codigo=5796062&fecha=12/08/2026,2026-08-12,2026-09-28,para-active-164
165,Fondo de Capitalización e Inversión del Sector Rural,Fideicomiso público,Fideicomiso público,Secretaría de Hacienda y Crédito Público,Activa,Relación de las Entidades Paraestatales de la Administración Pública Federal,https://dof.gob.mx/nota_detalle.php?codigo=5796062&fecha=12/08/2026,2026-08-12,2026-09-28,para-active-165
166,Fideicomiso de Riesgo Compartido,Fideicomiso público,Fideicomiso público,Secretaría de Agricultura y Desarrollo Rural,Activa,Relación de las Entidades Paraestatales de la Administración Pública Federal,https://dof.gob.mx/nota_detalle.php?codigo=5796062&fecha=12/08/2026,2026-08-12,2026-09-28,para-active-166
167,Fideicomiso de los Sistemas Normalizado de Competencia Laboral y de Certificación de Competencia Laboral,Fideicomiso público,Fideicomiso público,Secretaría de Educación Pública,Activa,Relación de las Entidades Paraestatales de la Administración Pública Federal,https://dof.gob.mx/nota_detalle.php?codigo=5796062&fecha=12/08/2026,2026-08-12,2026-09-28,para-active-167
168,Fideicomiso Fondo Nacional de Fomento Ejidal,Fideicomiso público,Fideicomiso público,"Secretaría de Desarrollo Agrario, Territorial y Urbano",Activa,Relación de las Entidades Paraestatales de la Administración Pública Federal,https://dof.gob.mx/nota_detalle.php?codigo=5796062&fecha=12/08/2026,2026-08-12,2026-09-28,para-active-168
169,Fideicomiso para la Cineteca Nacional,Fideicomiso público,Fideicomiso público,Secretaría de Cultura,Activa,Relación de las Entidades Paraestatales de la Administración Pública Federal,https://dof.gob.mx/nota_detalle.php?codigo=5796062&fecha=12/08/2026,2026-08-12,2026-09-28,para-active-169
170,Fondo Nacional para el Fomento de las Artesanías,Fideicomiso público,Fideicomiso público,Secretaría de Cultura,Activa,Relación de las Entidades Paraestatales de la Administración Pública Federal,https://dof.gob.mx/nota_detalle.php?codigo=5796062&fecha=12/08/2026,2026-08-12,2026-09-28,para-active-170
171,Fondo Nacional de Fomento al Turismo,Fideicomiso público,Fideicomiso público,Secretaría de Turismo,Activa,Relación de las Entidades Paraestatales de la Administración Pública Federal,https://dof.gob.mx/nota_detalle.php?codigo=5796062&fecha=12/08/2026,2026-08-12,2026-09-28,para-active-171
172,Fondo para el Desarrollo de Recursos Humanos,Fideicomiso considerado Centro Público de Investigación,Fideicomiso considerado Centro Público de Investigación,"Secretaría de Ciencia, Humanidades, Tecnología e Innovación",Activa,Relación de las Entidades Paraestatales de la Administración Pública Federal,https://dof.gob.mx/nota_detalle.php?codigo=5796062&fecha=12/08/2026,2026-08-12,2026-09-28,para-active-172
173,INFOTEC Centro de Investigación e Innovación en Tecnologías de la Información y Comunicación,Fideicomiso considerado Centro Público de Investigación,Fideicomiso considerado Centro Público de Investigación,Agencia de Transformación Digital y Telecomunicaciones,Activa,Relación de las Entidades Paraestatales de la Administración Pública Federal,https://dof.gob.mx/nota_detalle.php?codigo=5796062&fecha=12/08/2026,2026-08-12,2026-09-28,para-active-173
174,"Fondo de Garantía y Fomento para la Agricultura, Ganadería y Avicultura",Fideicomiso del Sistema Bancario Mexicano,Fideicomiso del Sistema Bancario Mexicano,Secretaría de Hacienda y Crédito Público,Activa,Relación de las Entidades Paraestatales de la Administración Pública Federal,https://dof.gob.mx/nota_detalle.php?codigo=5796062&fecha=12/08/2026,2026-08-12,2026-09-28,para-active-174
175,Fondo de Garantía y Fomento para las Actividades Pesqueras,Fideicomiso del Sistema Bancario Mexicano,Fideicomiso del Sistema Bancario Mexicano,Secretaría de Hacienda y Crédito Público,Activa,Relación de las Entidades Paraestatales de la Administración Pública Federal,https://dof.gob.mx/nota_detalle.php?codigo=5796062&fecha=12/08/2026,2026-08-12,2026-09-28,para-active-175
176,Fondo de Operación y Financiamiento Bancario a la Vivienda,Fideicomiso del Sistema Bancario Mexicano,Fideicomiso del Sistema Bancario Mexicano,Secretaría de Hacienda y Crédito Público,Activa,Relación de las Entidades Paraestatales de la Administración Pública Federal,https://dof.gob.mx/nota_detalle.php?codigo=5796062&fecha=12/08/2026,2026-08-12,2026-09-28,para-active-176
177,Fondo Especial de Asistencia Técnica y Garantía para Créditos Agropecuarios,Fideicomiso del Sistema Bancario Mexicano,Fideicomiso del Sistema Bancario Mexicano,Secretaría de Hacienda y Crédito Público,Activa,Relación de las Entidades Paraestatales de la Administración Pública Federal,https://dof.gob.mx/nota_detalle.php?codigo=5796062&fecha=12/08/2026,2026-08-12,2026-09-28,para-active-177
178,Fondo Especial para Financiamientos Agropecuarios,Fideicomiso del Sistema Bancario Mexicano,Fideicomiso del Sistema Bancario Mexicano,Secretaría de Hacienda y Crédito Público,Activa,Relación de las Entidades Paraestatales de la Administración Pública Federal,https://dof.gob.mx/nota_detalle.php?codigo=5796062&fecha=12/08/2026,2026-08-12,2026-09-28,para-active-178
179,Fideicomiso de Fomento Minero,Fideicomiso del Sistema Bancario Mexicano,Fideicomiso del Sistema Bancario Mexicano,Secretaría de Economía,Activa,Relación de las Entidades Paraestatales de la Administración Pública Federal,https://dof.gob.mx/nota_detalle.php?codigo=5796062&fecha=12/08/2026,2026-08-12,2026-09-28,para-active-179
180,Comisión Federal de Electricidad,Empresa Pública del Estado,Empresa Pública del Estado,Secretaría de Energía,Activa,Relación de las Entidades Paraestatales de la Administración Pública Federal,https://dof.gob.mx/nota_detalle.php?codigo=5796062&fecha=12/08/2026,2026-08-12,2026-09-28,para-active-180
181,Petróleos Mexicanos,Empresa Pública del Estado,Empresa Pública del Estado,Secretaría de Energía,Activa,Relación de las Entidades Paraestatales de la Administración Pública Federal,https://dof.gob.mx/nota_detalle.php?codigo=5796062&fecha=12/08/2026,2026-08-12,2026-09-28,para-active-181
B-1,"Financiera Nacional de Desarrollo Agropecuario, Rural, Forestal y Pesquero",Organismo descentralizado sectorizado,Organismo descentralizado sectorizado,Secretaría de Hacienda y Crédito Público,En proceso de desincorporación,Relación de las Entidades Paraestatales de la Administración Pública Federal,https://dof.gob.mx/nota_detalle.php?codigo=5796062&fecha=12/08/2026,2026-08-12,2026-09-28,para-status-001
B-2,Comisión Nacional de las Zonas Áridas,Organismo descentralizado sectorizado,Organismo descentralizado sectorizado,Secretaría de Agricultura y Desarrollo Rural,En proceso de desincorporación,Relación de las Entidades Paraestatales de la Administración Pública Federal,https://dof.gob.mx/nota_detalle.php?codigo=5796062&fecha=12/08/2026,2026-08-12,2026-09-28,para-status-002
B-3,Seguridad Alimentaria Mexicana,Organismo descentralizado sectorizado,Organismo descentralizado sectorizado,Secretaría de Agricultura y Desarrollo Rural,En proceso de desincorporación,Relación de las Entidades Paraestatales de la Administración Pública Federal,https://dof.gob.mx/nota_detalle.php?codigo=5796062&fecha=12/08/2026,2026-08-12,2026-09-28,para-status-003
B-4,Ferrocarriles Nacionales de México,Organismo descentralizado sectorizado,Organismo descentralizado sectorizado,"Secretaría de Infraestructura, Comunicaciones y Transportes",En proceso de desincorporación,Relación de las Entidades Paraestatales de la Administración Pública Federal,https://dof.gob.mx/nota_detalle.php?codigo=5796062&fecha=12/08/2026,2026-08-12,2026-09-28,para-status-004
B-5,Instituto Nacional de la Infraestructura Física Educativa,Organismo descentralizado sectorizado,Organismo descentralizado sectorizado,Secretaría de Educación Pública,En proceso de desincorporación,Relación de las Entidades Paraestatales de la Administración Pública Federal,https://dof.gob.mx/nota_detalle.php?codigo=5796062&fecha=12/08/2026,2026-08-12,2026-09-28,para-status-005
B-6,"Notimex, Agencia de Noticias del Estado Mexicano",Organismo descentralizado no sectorizado,Organismo descentralizado no sectorizado,No sectorizada,En proceso de desincorporación,Relación de las Entidades Paraestatales de la Administración Pública Federal,https://dof.gob.mx/nota_detalle.php?codigo=5796062&fecha=12/08/2026,2026-08-12,2026-09-28,para-status-006
B-7,"Compañía Mexicana de Exploraciones, S.A. de C.V.",Empresa de participación estatal mayoritaria,Empresa de participación estatal mayoritaria,Secretaría de Energía,En proceso de desincorporación,Relación de las Entidades Paraestatales de la Administración Pública Federal,https://dof.gob.mx/nota_detalle.php?codigo=5796062&fecha=12/08/2026,2026-08-12,2026-09-28,para-status-007
B-8,"Instituto Nacional para el Desarrollo de Capacidades del Sector Rural, A.C.",Empresa de participación estatal mayoritaria,Empresa de participación estatal mayoritaria,Secretaría de Agricultura y Desarrollo Rural,En proceso de desincorporación,Relación de las Entidades Paraestatales de la Administración Pública Federal,https://dof.gob.mx/nota_detalle.php?codigo=5796062&fecha=12/08/2026,2026-08-12,2026-09-28,para-status-008
B-9,"FONATUR Solar, S.A. de C.V.",Empresa de participación estatal mayoritaria,Empresa de participación estatal mayoritaria,Secretaría de Turismo,En proceso de desincorporación,Relación de las Entidades Paraestatales de la Administración Pública Federal,https://dof.gob.mx/nota_detalle.php?codigo=5796062&fecha=12/08/2026,2026-08-12,2026-09-28,para-status-009
B-10,"FONATUR Tren Maya, S.A. de C.V.",Empresa de participación estatal mayoritaria,Empresa de participación estatal mayoritaria,Secretaría de Turismo,En proceso de desincorporación,Relación de las Entidades Paraestatales de la Administración Pública Federal,https://dof.gob.mx/nota_detalle.php?codigo=5796062&fecha=12/08/2026,2026-08-12,2026-09-28,para-status-010
B-11,Fondo de Empresas Expropiadas del Sector Azucarero,Fideicomiso público,Fideicomiso público,Secretaría de Agricultura y Desarrollo Rural,En proceso de desincorporación,Relación de las Entidades Paraestatales de la Administración Pública Federal,https://dof.gob.mx/nota_detalle.php?codigo=5796062&fecha=12/08/2026,2026-08-12,2026-09-28,para-status-011
B-12,"Aerolínea del Estado Mexicano, S.A. de C.V.",Empresa de participación estatal mayoritaria,Empresa de participación estatal mayoritaria,Secretaría de la Defensa Nacional,Exclusión de proceso de desincorporación,Relación de las Entidades Paraestatales de la Administración Pública Federal,https://dof.gob.mx/nota_detalle.php?codigo=5796062&fecha=12/08/2026,2026-08-12,2026-09-28,para-status-012
