id,institucion,titular,cargo,fuente_url,fecha_verificacion
exec-root,Poder Ejecutivo de la Unión,Claudia Sheinbaum Pardo,Presidenta de los Estados Unidos Mexicanos,https://www.gob.mx/presidencia/articulos/version-estenografica-honestidad-y-resultados-en-queretaro,2026-09-28
presidencia,Oficina de la Presidencia de la República,Lázaro Cárdenas Batel,Jefe de la Oficina de la Presidencia de la República,https://www.gob.mx/presidencia/prensa/presidenta-claudia-sheinbaum-recibe-en-palacio-nacional-a-su-homologo-de-la-republica-de-corea-lee-jae-myung,2026-09-28
cjer,Consejería Jurídica del Ejecutivo Federal,Esthela Damián Peralta,Consejera Jurídica del Ejecutivo Federal,https://www.gob.mx/cjef/articulos/comunicado-08,2026-09-28
sec-0,Secretaría de Gobernación,Rosa Icela Rodríguez Velázquez,Secretaria de Gobernación,https://www.gob.mx/segob/prensa/secretaria-de-gobernacion-rosa-icela-rodriguez-durante-la-conferencia-del-pueblo-435646,2026-09-28
sec-1,Secretaría de Relaciones Exteriores,Roberto Velasco Álvarez,Secretario de Relaciones Exteriores,https://www.gob.mx/sre/estructuras/roberto-velasco-alvarez,2026-09-28
sec-2,Secretaría de la Defensa Nacional,Ricardo Trevilla Trejo,Secretario de la Defensa Nacional,https://www.gob.mx/defensa/estructuras/general-ricardo-trevilla-trejo,2026-09-28
sec-3,Secretaría de Marina,Raymundo Pedro Morales Ángeles,Secretario de Marina,https://www.gob.mx/semar/estructuras/almirante-raymundo-pedro-morales-angeles,2026-09-28
sec-4,Secretaría de Seguridad y Protección Ciudadana,Omar García Harfuch,Secretario de Seguridad y Protección Ciudadana,https://www.gob.mx/sspc/prensa/estrategia-nacional-de-seguridad-en-tabasco-contribuye-a-reducir-54-por-ciento-el-homicidio-doloso,2026-09-28
sec-5,Secretaría de Hacienda y Crédito Público,Édgar Amador Zamora,Secretario de Hacienda y Crédito Público,https://www.gob.mx/shcp/estructuras/edgar-amador-zamora,2026-09-28
sec-6,Secretaría de Bienestar,Leticia Ramírez Amaya,Secretaria de Bienestar,https://www.gob.mx/bienestar/prensa/el-41-4-por-ciento-de-los-hogares-mexicanos-recibe-los-programas-para-el-bienestar-federales-o-estatales-leticia-ramirez,2026-09-28
sec-7,Secretaría de Medio Ambiente y Recursos Naturales,Alicia Bárcena Ibarra,Secretaria de Medio Ambiente y Recursos Naturales,https://www.gob.mx/semarnat/documentos/participacion-de-la-secretaria-de-medio-ambiente-y-recursos-naturales-alicia-barcena-ibarra-en-la-ceremonia-inaugural-de-la-feria-nacional,2026-09-28
sec-8,Secretaría de Energía,Luz Elena González Escobar,Secretaria de Energía,https://www.gob.mx/sener/estructuras/luz-elena-gonzalez-escobar,2026-09-28
sec-9,Secretaría de Economía,Marcelo Ebrard Casaubon,Secretario de Economía,https://www.gob.mx/se/prensa/participacion-del-secretario-de-economia-marcelo-ebrard-durante-la-mananera-del-pueblo-436293,2026-09-28
sec-10,Secretaría de Agricultura y Desarrollo Rural,Columba Jazmín López Gutiérrez,Secretaria de Agricultura y Desarrollo Rural,https://www.gob.mx/agricultura/prensa/secretaria-columba-lopez-sostiene-dialogo-positivo-con-productores-en-sinaloa,2026-09-28
sec-11,"Secretaría de Infraestructura, Comunicaciones y Transportes",Jesús Antonio Esteva Medina,"Secretario de Infraestructura, Comunicaciones y Transportes",https://www.gob.mx/sict/estructuras/jesus-antonio-esteva-medina,2026-09-28
sec-12,Secretaría Anticorrupción y Buen Gobierno,Raquel Buenrostro Sánchez,Secretaria Anticorrupción y Buen Gobierno,https://www.gob.mx/buengobierno/prensa/mexico-fortalece-la-confianza-ciudadana-en-instituciones-publicas-con-niveles-superiores-al-promedio-de-la-ocde,2026-09-28
sec-13,Secretaría de Educación Pública,Mario Delgado Carrillo,Secretario de Educación Pública,https://www.gob.mx/sep/prensa/boletin-305-impulsa-gobierno-de-mexico-cultura-fisica-y-deporte-en-escuelas-ante-regulacion-de-dispositivos-digitales-mario-delgado,2026-09-28
sec-14,"Secretaría de Ciencia, Humanidades, Tecnología e Innovación",Rosaura Ruiz Gutiérrez,"Secretaria de Ciencia, Humanidades, Tecnología e Innovación",https://sidof.segob.gob.mx/notas/docFuente/5779617,2026-09-28
sec-15,Secretaría de Salud,David Kershenobich Stalnikowitz,Secretario de Salud,https://www.gob.mx/salud/estructuras/dr-david-kershenobich-stalnikowitz,2026-09-28
sec-16,Secretaría del Trabajo y Previsión Social,Marath Baruch Bolaños López,Secretario del Trabajo y Previsión Social,https://www.gob.mx/stps/estructuras/marath-baruch-bolanos-lopez,2026-09-28
sec-17,"Secretaría de Desarrollo Agrario, Territorial y Urbano",Edna Elena Vega Rangel,"Secretaria de Desarrollo Agrario, Territorial y Urbano",https://www.gob.mx/sedatu/estructuras/edna-elena-vega-rangel,2026-09-28
sec-18,Secretaría de Cultura,Claudia Curiel de Icaza,Secretaria de Cultura,https://www.gob.mx/cultura/estructuras/claudia-curiel-de-icaza,2026-09-28
sec-19,Secretaría de Turismo,Josefina Rodríguez Zamora,Secretaria de Turismo,https://www.gob.mx/sectur/articulos/a-dos-anos-del-gobierno-de-la-presidenta-claudia-sheinbaum-mexico-rompe-records-turisticos-e-impulsa-la-prosperidad-compartida,2026-09-28
sec-20,Secretaría de las Mujeres,Laura Itzel Castillo Juárez,Secretaria de las Mujeres,https://www.gob.mx/mujeres/prensa/laura-itzel-castillo-juarez-asume-la-titularidad-de-la-secretaria-de-las-mujeres-busca-profundizar-politicas-de-bienestar-e-igualdad-sustantiva,2026-09-28
sec-21,Agencia de Transformación Digital y Telecomunicaciones,José Antonio Peña Merino,Secretario de la Agencia de Transformación Digital y Telecomunicaciones,https://www.gob.mx/atdt/sobre-la-agencia,2026-09-28
